region_id,date,avg_usdprice
Aden City_Aden,2015-01-01,1.00736
Aden City_Aden,2015-02-01,0.9678333333333333
Aden City_Aden,2015-03-01,1.0737999999999999
Aden City_Aden,2015-04-01,1.4087666666666665
Aden City_Aden,2015-05-01,2.9576142857142855
Aden City_Aden,2015-06-01,3.3446428571428575
Aden City_Aden,2015-07-01,2.7457
Aden City_Aden,2015-08-01,1.1828
Aden City_Aden,2015-09-01,1.6961142857142857
Aden City_Aden,2015-10-01,1.7281
Aden City_Aden,2015-11-01,1.4122285714285714
Aden City_Aden,2015-12-01,1.3056357142857142
Aden City_Aden,2016-01-01,1.1876857142857145
Aden City_Aden,2016-02-01,1.0607214285714286
Aden City_Aden,2016-03-01,1.0594428571428571
Aden City_Aden,2016-04-01,0.8893357142857142
Aden City_Aden,2016-05-01,0.9418857142857143
Aden City_Aden,2016-06-01,12.12905
Aden City_Aden,2016-07-01,12.590999999999998
Aden City_Aden,2016-08-01,12.443788235294118
Aden City_Aden,2016-09-01,14.521164705882354
Aden City_Aden,2016-10-01,12.299564705882352
Aden City_Aden,2016-11-01,10.528605882352942
Aden City_Aden,2016-12-01,9.858117647058823
Aden City_Aden,2017-01-01,7.315864705882354
Aden City_Aden,2017-02-01,8.850511764705882
Aden City_Aden,2017-03-01,7.746576470588235
Aden City_Aden,2017-04-01,4.725688235294118
Aden City_Aden,2017-05-01,6.544288235294117
Aden City_Aden,2017-06-01,7.944641176470588
Aden City_Aden,2017-07-01,6.2185235294117645
Aden City_Aden,2017-08-01,11.1714
Aden City_Aden,2017-09-01,11.869905882352942
Aden City_Aden,2017-10-01,8.04544705882353
Aden City_Aden,2017-11-01,12.358888235294117
Aden City_Aden,2017-12-01,12.511470588235296
Aden City_Aden,2018-01-01,12.22715294117647
Aden City_Aden,2018-02-01,12.23940588235294
Aden City_Aden,2018-03-01,12.253141176470589
Aden City_Aden,2018-04-01,6.417629411764706
Aden City_Aden,2018-05-01,12.538588235294117
Aden City_Aden,2018-06-01,12.449682352941176
Aden City_Aden,2018-07-01,6.3046999999999995
Aden City_Aden,2018-08-01,14.907394117647058
Aden City_Aden,2018-09-01,5.389558823529411
Aden City_Aden,2018-10-01,14.249817647058824
Aden City_Aden,2018-11-01,14.154770588235294
Aden City_Aden,2018-12-01,7.527929411764706
Aden City_Aden,2019-01-01,13.8058
Aden City_Aden,2019-02-01,13.793352941176472
Aden City_Aden,2019-03-01,14.15164705882353
Aden City_Aden,2019-04-01,14.2482
Aden City_Aden,2019-05-01,14.347070588235296
Aden City_Aden,2019-06-01,6.272288235294118
Aden City_Aden,2019-07-01,15.018452941176472
Aden City_Aden,2019-08-01,15.441911764705882
Aden City_Aden,2019-09-01,6.162894117647059
Aden City_Aden,2019-10-01,15.177988235294118
Aden City_Aden,2019-11-01,15.144811764705885
Aden City_Aden,2019-12-01,6.220358823529413
Aden City_Aden,2020-01-01,15.205917647058826
Aden City_Aden,2020-02-01,5.8334882352941175
Aden City_Aden,2020-03-01,6.832347058823529
Aden City_Aden,2020-04-01,17.91274705882353
Aden City_Aden,2020-05-01,17.270011764705885
Aden City_Aden,2020-06-01,17.3062
Aden City_Aden,2020-07-01,17.73145882352941
Aden City_Aden,2020-08-01,7.675958823529413
Aden City_Aden,2020-09-01,24.306876470588236
Aden City_Aden,2020-10-01,3.33616875
Aden City_Aden,2020-11-01,0.9436875
Aden City_Aden,2020-12-01,3.3062875000000003
Aden City_Aden,2021-01-01,3.2605500000000003
Aden City_Aden,2021-02-01,3.53246875
Aden City_Aden,2021-03-01,3.6337937499999997
Aden City_Aden,2021-04-01,3.8925125
Aden City_Aden,2021-05-01,1.062325
Aden City_Aden,2021-06-01,4.01138125
Aden City_Aden,2021-07-01,4.11626875
Aden City_Aden,2021-08-01,1.0576375
Aden City_Aden,2021-09-01,4.7949625000000005
Aden City_Aden,2021-10-01,5.13865625
Aden City_Aden,2021-11-01,8.18725
Aden City_Aden,2021-12-01,8.9527875
Aden City_Aden,2022-01-01,1.58156875
Aden City_Aden,2022-02-01,8.21215625
Aden City_Aden,2022-03-01,8.95675
Aden City_Aden,2022-04-01,8.79175
Aden City_Aden,2022-05-01,2.22301875
Aden City_Aden,2022-06-01,8.9692
Aden City_Aden,2022-07-01,8.98185625
Aden City_Aden,2022-08-01,8.96746875
Aden City_Aden,2022-09-01,8.4574625
Aden City_Aden,2022-10-01,1.46816875
Aden City_Aden,2022-11-01,6.56630625
Aden City_Aden,2022-12-01,6.44895625
Aden City_Aden,2023-01-01,1.33074375
Aden City_Aden,2023-02-01,6.590525
Aden City_Aden,2023-03-01,6.83846875
Aden City_Aden,2023-04-01,1.3216
Aden City_Aden,2023-05-01,6.73585
Aden City_Aden,2023-06-01,6.5881875
Aden City_Aden,2023-07-01,1.2220125
Aden City_Aden,2023-08-01,6.635775
Aden City_Aden,2023-09-01,6.659068749999999
Aden City_Aden,2023-10-01,1.168525
Aden City_Aden,2023-11-01,6.889925
Aden City_Aden,2023-12-01,7.22586875
Aden City_Aden,2024-01-01,7.14985625
Aden City_Aden,2024-02-01,7.42334375
Aden City_Aden,2024-03-01,7.92763125
Aden City_Aden,2024-04-01,7.8402312499999995
Aden City_Aden,2024-05-01,7.5400625
Aden City_Aden,2024-06-01,1.22386875
Aden City_Aden,2024-07-01,8.44535
Al Bayda City_Al Bayda,2015-11-01,1.2858307692307693
Al Bayda City_Al Bayda,2015-12-01,1.3728928571428571
Al Bayda City_Al Bayda,2016-01-01,1.385042857142857
Al Bayda City_Al Bayda,2016-02-01,1.12545
Al Bayda City_Al Bayda,2016-03-01,1.2010214285714285
Al Bayda City_Al Bayda,2016-04-01,1.0360571428571428
Al Bayda City_Al Bayda,2016-05-01,1.1278714285714284
Al Bayda City_Al Bayda,2016-06-01,9.50488125
Al Bayda City_Al Bayda,2016-07-01,10.720752941176471
Al Bayda City_Al Bayda,2016-08-01,9.470217647058822
Al Bayda City_Al Bayda,2016-09-01,10.475435294117647
Al Bayda City_Al Bayda,2016-10-01,7.56074705882353
Al Bayda City_Al Bayda,2016-11-01,8.670811764705883
Al Bayda City_Al Bayda,2016-12-01,9.801176470588235
Al Bayda City_Al Bayda,2017-01-01,8.1606
Al Bayda City_Al Bayda,2017-02-01,9.926170588235294
Al Bayda City_Al Bayda,2017-03-01,8.924223529411766
Al Bayda City_Al Bayda,2017-04-01,6.923205882352941
Al Bayda City_Al Bayda,2017-05-01,11.035194117647059
Al Bayda City_Al Bayda,2017-06-01,11.33769411764706
Al Bayda City_Al Bayda,2017-07-01,7.191658823529412
Al Bayda City_Al Bayda,2017-08-01,11.532882352941174
Al Bayda City_Al Bayda,2017-09-01,11.6628
Al Bayda City_Al Bayda,2017-10-01,6.676547058823529
Al Bayda City_Al Bayda,2017-11-01,10.264341176470587
Al Bayda City_Al Bayda,2017-12-01,10.44264705882353
Al Bayda City_Al Bayda,2018-01-01,9.349229411764707
Al Bayda City_Al Bayda,2018-02-01,9.358594117647058
Al Bayda City_Al Bayda,2018-03-01,9.960523529411764
Al Bayda City_Al Bayda,2018-04-01,5.309058823529412
Al Bayda City_Al Bayda,2018-05-01,10.860082352941177
Al Bayda City_Al Bayda,2018-06-01,11.81295882352941
Al Bayda City_Al Bayda,2018-07-01,5.731458823529412
Al Bayda City_Al Bayda,2018-08-01,20.315841176470588
Al Bayda City_Al Bayda,2018-09-01,7.234717647058823
Al Bayda City_Al Bayda,2018-10-01,17.04357647058824
Al Bayda City_Al Bayda,2018-11-01,11.119735294117648
Al Bayda City_Al Bayda,2018-12-01,5.675358823529412
Al Bayda City_Al Bayda,2019-01-01,14.700870588235295
Al Bayda City_Al Bayda,2019-02-01,19.145347058823532
Al Bayda City_Al Bayda,2019-03-01,20.98600588235294
Al Bayda City_Al Bayda,2019-04-01,22.181705882352936
Al Bayda City_Al Bayda,2019-05-01,23.92534117647059
Al Bayda City_Al Bayda,2019-06-01,10.212376470588236
Al Bayda City_Al Bayda,2019-07-01,23.828123529411766
Al Bayda City_Al Bayda,2019-08-01,26.459088235294118
Al Bayda City_Al Bayda,2019-09-01,8.992217647058824
Al Bayda City_Al Bayda,2019-10-01,20.74550588235294
Al Bayda City_Al Bayda,2019-11-01,18.14334705882353
Al Bayda City_Al Bayda,2019-12-01,7.5145294117647055
Al Bayda City_Al Bayda,2020-01-01,19.315705882352944
Al Bayda City_Al Bayda,2020-02-01,7.9000176470588235
Al Bayda City_Al Bayda,2020-03-01,7.760788235294118
Al Bayda City_Al Bayda,2020-04-01,21.582294117647063
Al Bayda City_Al Bayda,2020-05-01,22.329770588235295
Al Bayda City_Al Bayda,2020-06-01,22.376535294117645
Al Bayda City_Al Bayda,2020-07-01,24.463117647058823
Al Bayda City_Al Bayda,2020-08-01,7.497582352941177
Al Bayda City_Al Bayda,2020-09-01,22.37795294117647
Al Bayda City_Al Bayda,2020-10-01,4.15271875
Al Bayda City_Al Bayda,2020-11-01,1.1189312500000002
Al Bayda City_Al Bayda,2020-12-01,3.4742312500000003
Al Bayda City_Al Bayda,2021-01-01,3.5520312499999998
Al Bayda City_Al Bayda,2021-02-01,3.7944999999999998
Al Bayda City_Al Bayda,2021-03-01,2.9476125
Al Bayda City_Al Bayda,2021-04-01,3.83641875
Al Bayda City_Al Bayda,2021-05-01,1.01985625
Al Bayda City_Al Bayda,2021-06-01,3.32789375
Al Bayda City_Al Bayda,2021-07-01,3.24244375
Al Bayda City_Al Bayda,2021-08-01,0.76005
Al Bayda City_Al Bayda,2021-09-01,3.10370625
Al Bayda City_Al Bayda,2021-10-01,3.1359500000000002
Al Bayda City_Al Bayda,2021-11-01,3.2319999999999998
Al Bayda City_Al Bayda,2021-12-01,3.3176562499999998
Al Bayda City_Al Bayda,2022-01-01,0.8046066666666667
Al Bayda City_Al Bayda,2022-02-01,4.904173333333333
Al Bayda City_Al Bayda,2022-03-01,5.5952
Al Bayda City_Al Bayda,2022-04-01,6.108006666666666
Al Bayda City_Al Bayda,2022-05-01,1.2722533333333332
Al Bayda City_Al Bayda,2022-06-01,4.074706666666667
Al Bayda City_Al Bayda,2022-07-01,3.7548375000000003
Al Bayda City_Al Bayda,2022-08-01,3.72650625
Al Bayda City_Al Bayda,2022-09-01,3.7881125
Al Bayda City_Al Bayda,2022-10-01,0.82371875
Al Bayda City_Al Bayda,2022-11-01,3.57046875
Al Bayda City_Al Bayda,2022-12-01,3.5347125
Al Bayda City_Al Bayda,2023-01-01,0.7138374999999999
Al Bayda City_Al Bayda,2023-02-01,3.44560625
Al Bayda City_Al Bayda,2023-03-01,3.4737125
Al Bayda City_Al Bayda,2023-04-01,0.69788125
Al Bayda City_Al Bayda,2023-05-01,3.441875
Al Bayda City_Al Bayda,2023-06-01,3.4095062499999997
Al Bayda City_Al Bayda,2023-07-01,0.6171375
Al Bayda City_Al Bayda,2023-08-01,3.52474375
Al Bayda City_Al Bayda,2023-09-01,3.57300625
Al Bayda City_Al Bayda,2023-10-01,0.6060875
Al Bayda City_Al Bayda,2023-11-01,3.518325
Al Bayda City_Al Bayda,2023-12-01,3.4814125
Al Bayda City_Al Bayda,2024-01-01,3.592175
Al Bayda City_Al Bayda,2024-02-01,3.6207937500000003
Al Bayda City_Al Bayda,2024-03-01,3.64279375
Al Bayda City_Al Bayda,2024-04-01,3.65493125
Al Bayda City_Al Bayda,2024-05-01,3.5066375
Al Ghaidha_Al Maharah,2015-11-01,1.3903
Al Ghaidha_Al Maharah,2015-12-01,1.5328
Al Ghaidha_Al Maharah,2016-01-01,1.4059599999999999
Al Ghaidha_Al Maharah,2016-02-01,1.16582
Al Ghaidha_Al Maharah,2016-03-01,1.13176
Al Ghaidha_Al Maharah,2016-04-01,0.9355499999999999
Al Ghaidha_Al Maharah,2016-05-01,0.9072666666666667
Al Ghaidha_Al Maharah,2016-06-01,10.260317647058821
Al Ghaidha_Al Maharah,2016-07-01,9.472129411764707
Al Ghaidha_Al Maharah,2016-08-01,8.900429411764705
Al Ghaidha_Al Maharah,2016-09-01,10.338000000000001
Al Ghaidha_Al Maharah,2016-10-01,7.693158823529412
Al Ghaidha_Al Maharah,2016-11-01,9.506264705882352
Al Ghaidha_Al Maharah,2016-12-01,8.555058823529412
Al Ghaidha_Al Maharah,2017-01-01,7.369482352941177
Al Ghaidha_Al Maharah,2017-02-01,10.077605882352941
Al Ghaidha_Al Maharah,2017-03-01,9.303429411764704
Al Ghaidha_Al Maharah,2017-04-01,6.946841176470588
Al Ghaidha_Al Maharah,2017-05-01,11.581141176470588
Al Ghaidha_Al Maharah,2017-06-01,12.361770588235295
Al Ghaidha_Al Maharah,2017-07-01,7.334241176470589
Al Ghaidha_Al Maharah,2017-08-01,9.464947058823528
Al Ghaidha_Al Maharah,2017-09-01,11.753641176470587
Al Ghaidha_Al Maharah,2017-10-01,6.5785470588235295
Al Ghaidha_Al Maharah,2017-11-01,7.685576470588235
Al Ghaidha_Al Maharah,2017-12-01,8.131176470588235
Al Ghaidha_Al Maharah,2018-01-01,8.341664705882353
Al Ghaidha_Al Maharah,2018-02-01,8.350011764705883
Al Ghaidha_Al Maharah,2018-03-01,8.308035294117648
Al Ghaidha_Al Maharah,2018-04-01,5.613788235294117
Al Ghaidha_Al Maharah,2018-05-01,10.977294117647059
Al Ghaidha_Al Maharah,2018-06-01,14.831811764705881
Al Ghaidha_Al Maharah,2018-07-01,7.043517647058824
Al Ghaidha_Al Maharah,2018-08-01,16.687164705882353
Al Ghaidha_Al Maharah,2018-09-01,7.0682470588235295
Al Ghaidha_Al Maharah,2018-10-01,18.326158823529415
Al Ghaidha_Al Maharah,2018-11-01,17.587035294117648
Al Ghaidha_Al Maharah,2018-12-01,7.693152941176471
Al Ghaidha_Al Maharah,2019-01-01,15.608005882352941
Al Ghaidha_Al Maharah,2019-02-01,16.230976470588235
Al Ghaidha_Al Maharah,2019-03-01,17.160294117647055
Al Ghaidha_Al Maharah,2019-04-01,16.033235294117645
Al Ghaidha_Al Maharah,2019-05-01,17.357758823529412
Al Ghaidha_Al Maharah,2019-06-01,7.242817647058823
Al Ghaidha_Al Maharah,2019-07-01,16.96908823529412
Al Ghaidha_Al Maharah,2019-08-01,18.718670588235295
Al Ghaidha_Al Maharah,2019-09-01,6.976964705882352
Al Ghaidha_Al Maharah,2019-10-01,17.74513125
Al Ghaidha_Al Maharah,2019-11-01,18.217656249999997
Al Ghaidha_Al Maharah,2019-12-01,7.70753125
Al Ghaidha_Al Maharah,2020-01-01,19.153950000000002
Al Ghaidha_Al Maharah,2020-02-01,7.2414625
Al Ghaidha_Al Maharah,2020-03-01,7.279556250000001
Al Ghaidha_Al Maharah,2020-04-01,19.990724999999998
Al Ghaidha_Al Maharah,2020-05-01,19.7549875
Al Ghaidha_Al Maharah,2020-06-01,19.796362500000004
Al Ghaidha_Al Maharah,2020-07-01,19.81285
Al Ghaidha_Al Maharah,2020-08-01,6.44240625
Al Ghaidha_Al Maharah,2020-09-01,20.009143750000003
Al Ghaidha_Al Maharah,2020-10-01,3.91824
Al Ghaidha_Al Maharah,2020-11-01,1.1001333333333332
Al Ghaidha_Al Maharah,2020-12-01,3.6771666666666665
Al Ghaidha_Al Maharah,2021-01-01,3.690473333333333
Al Ghaidha_Al Maharah,2021-02-01,3.6330933333333335
Al Ghaidha_Al Maharah,2021-03-01,3.7354800000000004
Al Ghaidha_Al Maharah,2021-04-01,3.7561666666666667
Al Ghaidha_Al Maharah,2021-05-01,1.0916866666666667
Al Ghaidha_Al Maharah,2021-06-01,4.0816333333333334
Al Ghaidha_Al Maharah,2021-07-01,4.228893333333334
Al Ghaidha_Al Maharah,2021-08-01,1.1129533333333332
Al Ghaidha_Al Maharah,2021-09-01,5.080046666666666
Al Ghaidha_Al Maharah,2021-10-01,6.02722
Al Ghaidha_Al Maharah,2021-11-01,7.1466666666666665
Al Ghaidha_Al Maharah,2021-12-01,7.3153266666666665
Al Ghaidha_Al Maharah,2022-01-01,1.38576
Al Ghaidha_Al Maharah,2022-02-01,5.81046
Al Ghaidha_Al Maharah,2022-03-01,6.320533333333333
Al Ghaidha_Al Maharah,2022-04-01,6.507000000000001
Al Ghaidha_Al Maharah,2022-05-01,1.59148
Al Ghaidha_Al Maharah,2022-06-01,7.080520000000001
Al Ghaidha_Al Maharah,2022-07-01,7.140873333333333
Al Ghaidha_Al Maharah,2022-08-01,7.288053333333334
Al Ghaidha_Al Maharah,2022-09-01,7.524233333333333
Al Ghaidha_Al Maharah,2022-10-01,1.69672
Al Ghaidha_Al Maharah,2022-11-01,7.451613333333333
Al Ghaidha_Al Maharah,2022-12-01,7.315986666666666
Al Ghaidha_Al Maharah,2023-01-01,1.4337333333333333
Al Ghaidha_Al Maharah,2023-02-01,7.03922
Al Ghaidha_Al Maharah,2023-03-01,7.304033333333334
Al Ghaidha_Al Maharah,2023-04-01,1.521113333333333
Al Ghaidha_Al Maharah,2023-05-01,7.667393333333334
Al Ghaidha_Al Maharah,2023-06-01,7.9149199999999995
Al Ghaidha_Al Maharah,2023-07-01,1.4077733333333333
Al Ghaidha_Al Maharah,2023-08-01,7.678066666666667
Al Ghaidha_Al Maharah,2023-09-01,7.800166666666667
Al Ghaidha_Al Maharah,2023-10-01,1.3112466666666667
Al Ghaidha_Al Maharah,2023-11-01,8.012653333333333
Al Ghaidha_Al Maharah,2023-12-01,7.991086666666666
Al Ghaidha_Al Maharah,2024-01-01,8.298066666666667
Al Ghaidha_Al Maharah,2024-02-01,7.967306666666667
Al Ghaidha_Al Maharah,2024-03-01,8.120653333333333
Al Ghaidha_Al Maharah,2024-04-01,8.047313333333333
Al Ghaidha_Al Maharah,2024-05-01,8.060653333333333
Al Ghaidha_Al Maharah,2024-06-01,1.2423266666666666
Al Ghaidha_Al Maharah,2024-07-01,8.867366666666667
Al Hazum_Al Jawf,2016-06-01,14.16238
Al Hazum_Al Jawf,2016-07-01,12.484170588235296
Al Hazum_Al Jawf,2016-08-01,12.110958823529414
Al Hazum_Al Jawf,2016-09-01,12.859376470588234
Al Hazum_Al Jawf,2016-10-01,11.3715
Al Hazum_Al Jawf,2016-11-01,13.133011764705882
Al Hazum_Al Jawf,2016-12-01,12.353411764705882
Al Hazum_Al Jawf,2017-01-01,10.424670588235294
Al Hazum_Al Jawf,2017-02-01,12.909388235294118
Al Hazum_Al Jawf,2017-03-01,12.909376470588237
Al Hazum_Al Jawf,2017-04-01,9.120729411764705
Al Hazum_Al Jawf,2017-05-01,12.99455882352941
Al Hazum_Al Jawf,2017-06-01,12.923505882352941
Al Hazum_Al Jawf,2017-07-01,8.43805294117647
Al Hazum_Al Jawf,2017-08-01,12.201964705882354
Al Hazum_Al Jawf,2017-09-01,12.469076470588234
Al Hazum_Al Jawf,2017-10-01,8.177658823529413
Al Hazum_Al Jawf,2017-11-01,12.331770588235296
Al Hazum_Al Jawf,2017-12-01,12.338235294117647
Al Hazum_Al Jawf,2018-01-01,12.366011764705881
Al Hazum_Al Jawf,2018-02-01,12.37839411764706
Al Hazum_Al Jawf,2018-03-01,12.575035294117647
Al Hazum_Al Jawf,2018-04-01,6.756382352941177
Al Hazum_Al Jawf,2018-05-01,13.486776470588234
Al Hazum_Al Jawf,2018-06-01,13.828482352941178
Al Hazum_Al Jawf,2018-07-01,7.0543941176470595
Al Hazum_Al Jawf,2018-08-01,14.540252941176469
Al Hazum_Al Jawf,2018-09-01,5.8488411764705885
Al Hazum_Al Jawf,2018-10-01,16.170976470588233
Al Hazum_Al Jawf,2018-11-01,16.129382352941178
Al Hazum_Al Jawf,2018-12-01,7.876417647058823
Al Hazum_Al Jawf,2019-01-01,15.956964705882353
Al Hazum_Al Jawf,2019-02-01,15.966982352941175
Al Hazum_Al Jawf,2019-03-01,15.969929411764705
Al Hazum_Al Jawf,2019-04-01,16.00965882352941
Al Hazum_Al Jawf,2019-05-01,17.554558823529412
Al Hazum_Al Jawf,2019-06-01,8.137258823529413
Al Hazum_Al Jawf,2019-07-01,18.536700000000003
Al Hazum_Al Jawf,2019-08-01,17.183488235294117
Al Hazum_Al Jawf,2019-09-01,6.583911764705881
Al Hazum_Al Jawf,2019-10-01,16.158182352941175
Al Hazum_Al Jawf,2019-11-01,16.146947058823528
Al Hazum_Al Jawf,2019-12-01,6.669529411764707
Al Hazum_Al Jawf,2020-01-01,16.25675882352941
Al Hazum_Al Jawf,2020-02-01,6.242829411764706
Al Hazum_Al Jawf,2020-03-01,6.612982352941176
Al Hazum_Al Jawf,2020-04-01,15.578441176470589
Al Hazum_Al Jawf,2020-05-01,15.760741176470587
Al Hazum_Al Jawf,2020-06-01,15.793729411764707
Al Hazum_Al Jawf,2020-07-01,11.517735294117646
Al Hazum_Al Jawf,2020-08-01,3.88701875
Al Hazum_Al Jawf,2020-09-01,11.669868750000001
Al Hazum_Al Jawf,2020-10-01,3.09482
Al Hazum_Al Jawf,2020-11-01,0.8814533333333333
Al Hazum_Al Jawf,2020-12-01,2.9839
Al Hazum_Al Jawf,2021-01-01,2.91792
Al Hazum_Al Jawf,2021-02-01,2.9631133333333333
Al Hazum_Al Jawf,2021-03-01,3.10772
Al Hazum_Al Jawf,2021-04-01,3.2932133333333335
Al Hazum_Al Jawf,2021-05-01,0.84932
Al Hazum_Al Jawf,2021-06-01,3.10458
Al Hazum_Al Jawf,2021-07-01,3.15342
Al Hazum_Al Jawf,2021-08-01,0.7773000000000001
Al Hazum_Al Jawf,2021-09-01,3.179953333333333
Al Hazum_Al Jawf,2021-10-01,3.17046
Al Hazum_Al Jawf,2021-11-01,3.14375
Al Hazum_Al Jawf,2021-12-01,3.389213333333333
Al Hazum_Al Jawf,2022-01-01,0.8666066666666666
Al Hazum_Al Jawf,2022-02-01,3.5078333333333336
Al Hazum_Al Jawf,2022-03-01,4.106133333333333
Al Hazum_Al Jawf,2022-04-01,4.255553333333333
Al Hazum_Al Jawf,2022-05-01,1.1183066666666666
Al Hazum_Al Jawf,2022-06-01,4.487866666666666
Al Hazum_Al Jawf,2022-07-01,4.39296
Al Hazum_Al Jawf,2022-08-01,4.369766666666666
Al Hazum_Al Jawf,2022-09-01,4.376853333333333
Al Hazum_Al Jawf,2022-10-01,0.9888333333333333
Al Hazum_Al Jawf,2022-11-01,4.328333333333333
Al Hazum_Al Jawf,2022-12-01,4.304866666666667
Al Hazum_Al Jawf,2023-01-01,0.8703733333333333
Al Hazum_Al Jawf,2023-02-01,4.26168
Al Hazum_Al Jawf,2023-03-01,4.299766666666667
Al Hazum_Al Jawf,2023-04-01,0.8886133333333334
Al Hazum_Al Jawf,2023-05-01,4.23774
Al Hazum_Al Jawf,2023-06-01,4.2279333333333335
Al Hazum_Al Jawf,2023-07-01,0.7505133333333334
Al Hazum_Al Jawf,2023-08-01,4.178999999999999
Al Hazum_Al Jawf,2023-09-01,4.1453
Al Hazum_Al Jawf,2023-10-01,0.7020533333333334
Al Hazum_Al Jawf,2023-11-01,4.167
Al Hazum_Al Jawf,2023-12-01,4.253559999999999
Al Hazum_Al Jawf,2024-01-01,4.5962733333333325
Al Hazum_Al Jawf,2024-02-01,4.259546666666666
Al Hazum_Al Jawf,2024-03-01,4.215813333333333
Al Hazum_Al Jawf,2024-04-01,4.194353333333333
Al Hazum_Al Jawf,2024-05-01,4.163673333333333
Al Jabeen_Raymah,2016-06-01,7.38064375
Al Jabeen_Raymah,2016-07-01,6.968270588235294
Al Jabeen_Raymah,2016-08-01,7.613629411764706
Al Jabeen_Raymah,2016-09-01,8.277835294117647
Al Jabeen_Raymah,2016-10-01,6.672488235294118
Al Jabeen_Raymah,2016-11-01,7.542176470588236
Al Jabeen_Raymah,2016-12-01,7.861176470588236
Al Jabeen_Raymah,2017-01-01,6.115917647058824
Al Jabeen_Raymah,2017-02-01,7.812523529411764
Al Jabeen_Raymah,2017-03-01,7.470058823529412
Al Jabeen_Raymah,2017-04-01,5.365841176470588
Al Jabeen_Raymah,2017-05-01,9.162517647058824
Al Jabeen_Raymah,2017-06-01,10.277335294117647
Al Jabeen_Raymah,2017-07-01,6.529241176470588
Al Jabeen_Raymah,2017-08-01,9.506588235294117
Al Jabeen_Raymah,2017-09-01,10.3983
Al Jabeen_Raymah,2017-10-01,6.322623529411765
Al Jabeen_Raymah,2017-11-01,10.13929411764706
Al Jabeen_Raymah,2017-12-01,9.538882352941176
Al Jabeen_Raymah,2018-01-01,7.734188235294118
Al Jabeen_Raymah,2018-02-01,7.741941176470588
Al Jabeen_Raymah,2018-03-01,8.319223529411765
Al Jabeen_Raymah,2018-04-01,4.7186941176470585
Al Jabeen_Raymah,2018-05-01,8.93249411764706
Al Jabeen_Raymah,2018-06-01,9.342858823529411
Al Jabeen_Raymah,2018-07-01,4.662076470588236
Al Jabeen_Raymah,2018-08-01,10.520635294117646
Al Jabeen_Raymah,2018-09-01,5.011617647058823
Al Jabeen_Raymah,2018-10-01,13.972582352941176
Al Jabeen_Raymah,2018-11-01,14.11005882352941
Al Jabeen_Raymah,2018-12-01,7.008329411764706
Al Jabeen_Raymah,2019-01-01,12.309923529411764
Al Jabeen_Raymah,2019-02-01,14.818735294117648
Al Jabeen_Raymah,2019-03-01,15.31050588235294
Al Jabeen_Raymah,2019-04-01,15.792752941176472
Al Jabeen_Raymah,2019-05-01,14.599523529411766
Al Jabeen_Raymah,2019-06-01,6.591705882352941
Al Jabeen_Raymah,2019-07-01,17.04874117647059
Al Jabeen_Raymah,2019-08-01,17.965541176470587
Al Jabeen_Raymah,2019-09-01,7.3335
Al Jabeen_Raymah,2019-10-01,20.55075882352941
Al Jabeen_Raymah,2019-11-01,19.59909411764706
Al Jabeen_Raymah,2019-12-01,8.180294117647058
Al Jabeen_Raymah,2020-01-01,19.15991176470588
Al Jabeen_Raymah,2020-02-01,7.2662
Al Jabeen_Raymah,2020-03-01,8.139182352941177
Al Jabeen_Raymah,2020-04-01,17.400000000000002
Al Jabeen_Raymah,2020-05-01,14.369623529411765
Al Jabeen_Raymah,2020-06-01,14.162829411764704
Al Jabeen_Raymah,2020-07-01,16.88985294117647
Al Jabeen_Raymah,2020-08-01,5.429505882352942
Al Jabeen_Raymah,2020-09-01,18.00570588235294
Al Jabeen_Raymah,2020-10-01,3.18888125
Al Jabeen_Raymah,2020-11-01,0.8959374999999999
Al Jabeen_Raymah,2020-12-01,3.11335625
Al Jabeen_Raymah,2021-01-01,3.2039750000000002
Al Jabeen_Raymah,2021-02-01,3.27009375
Al Jabeen_Raymah,2021-03-01,3.520125
Al Jabeen_Raymah,2021-04-01,3.61590625
Al Jabeen_Raymah,2021-05-01,0.9849125
Al Jabeen_Raymah,2021-06-01,3.57493125
Al Jabeen_Raymah,2021-07-01,3.5225187499999997
Al Jabeen_Raymah,2021-08-01,0.87148125
Al Jabeen_Raymah,2021-09-01,3.6219375
Al Jabeen_Raymah,2021-10-01,3.6664
Al Jabeen_Raymah,2021-11-01,3.532
Al Jabeen_Raymah,2021-12-01,3.729
Al Jabeen_Raymah,2022-01-01,0.9346562500000001
Al Jabeen_Raymah,2022-02-01,4.43221875
Al Jabeen_Raymah,2022-03-01,5.29725
Al Jabeen_Raymah,2022-04-01,4.923749999999999
Al Jabeen_Raymah,2022-05-01,1.0110375
Al Jabeen_Raymah,2022-06-01,4.00671875
Al Jabeen_Raymah,2022-07-01,4.01171875
Al Jabeen_Raymah,2022-08-01,4.03381875
Al Jabeen_Raymah,2022-09-01,4.42801875
Al Jabeen_Raymah,2022-10-01,0.90261875
Al Jabeen_Raymah,2022-11-01,4.01080625
Al Jabeen_Raymah,2022-12-01,3.78879375
Al Jabeen_Raymah,2023-01-01,0.7545249999999999
Al Jabeen_Raymah,2023-02-01,3.8128124999999997
Al Jabeen_Raymah,2023-03-01,3.81545
Al Jabeen_Raymah,2023-04-01,0.7683562500000001
Al Jabeen_Raymah,2023-05-01,3.8095062499999996
Al Jabeen_Raymah,2023-06-01,3.8613874999999998
Al Jabeen_Raymah,2023-07-01,0.68820625
Al Jabeen_Raymah,2023-08-01,3.6639625
Al Jabeen_Raymah,2023-09-01,3.7914
Al Jabeen_Raymah,2023-10-01,0.64213125
Al Jabeen_Raymah,2023-11-01,3.80375
Al Jabeen_Raymah,2023-12-01,3.9024562499999997
Al Jabeen_Raymah,2024-01-01,4.011725
Al Jabeen_Raymah,2024-02-01,3.8803125
Al Jabeen_Raymah,2024-03-01,3.76155625
Al Jabeen_Raymah,2024-04-01,3.77030625
Al Jabeen_Raymah,2024-05-01,3.79030625
Alduhamih_Al Hudaydah,2015-01-01,1.00892
Alduhamih_Al Hudaydah,2015-02-01,0.9519466666666666
Alduhamih_Al Hudaydah,2015-03-01,1.0496
Alduhamih_Al Hudaydah,2015-04-01,1.3206066666666667
Alduhamih_Al Hudaydah,2015-05-01,1.6928111111111113
Alduhamih_Al Hudaydah,2015-06-01,1.8363222222222224
Alduhamih_Al Hudaydah,2015-07-01,1.5760444444444444
Alduhamih_Al Hudaydah,2015-08-01,1.4511666666666665
Alduhamih_Al Hudaydah,2015-09-01,2.006188888888889
Alduhamih_Al Hudaydah,2015-10-01,2.018711111111111
Alduhamih_Al Hudaydah,2015-11-01,1.7143
Alduhamih_Al Hudaydah,2015-12-01,1.2639444444444445
Alduhamih_Al Hudaydah,2016-01-01,1.1228
Alduhamih_Al Hudaydah,2016-02-01,1.070511111111111
Alduhamih_Al Hudaydah,2016-03-01,1.0004111111111111
Alduhamih_Al Hudaydah,2016-04-01,0.9658666666666667
Alduhamih_Al Hudaydah,2016-05-01,1.0684444444444443
Alduhamih_Al Hudaydah,2016-06-01,9.503187500000001
Alduhamih_Al Hudaydah,2016-07-01,10.121805882352941
Alduhamih_Al Hudaydah,2016-08-01,9.765364705882352
Alduhamih_Al Hudaydah,2016-09-01,9.442400000000001
Alduhamih_Al Hudaydah,2016-10-01,7.462458823529412
Alduhamih_Al Hudaydah,2016-11-01,8.418882352941177
Alduhamih_Al Hudaydah,2016-12-01,8.06
Alduhamih_Al Hudaydah,2017-01-01,7.160588235294117
Alduhamih_Al Hudaydah,2017-02-01,8.793511764705883
Alduhamih_Al Hudaydah,2017-03-01,7.900852941176471
Alduhamih_Al Hudaydah,2017-04-01,6.230629411764705
Alduhamih_Al Hudaydah,2017-05-01,9.29505294117647
Alduhamih_Al Hudaydah,2017-06-01,8.471764705882354
Alduhamih_Al Hudaydah,2017-07-01,5.794576470588234
Alduhamih_Al Hudaydah,2017-08-01,8.458864705882354
Alduhamih_Al Hudaydah,2017-09-01,8.584776470588237
Alduhamih_Al Hudaydah,2017-10-01,5.6539882352941175
Alduhamih_Al Hudaydah,2017-11-01,8.827352941176471
Alduhamih_Al Hudaydah,2017-12-01,9.65529411764706
Alduhamih_Al Hudaydah,2018-01-01,9.255211764705882
Alduhamih_Al Hudaydah,2018-02-01,9.264470588235294
Alduhamih_Al Hudaydah,2018-03-01,9.545529411764706
Alduhamih_Al Hudaydah,2018-04-01,5.057441176470588
Alduhamih_Al Hudaydah,2018-05-01,9.22695294117647
Alduhamih_Al Hudaydah,2018-06-01,9.686223529411764
Alduhamih_Al Hudaydah,2018-07-01,4.650905882352941
Alduhamih_Al Hudaydah,2018-08-01,10.788035294117648
Alduhamih_Al Hudaydah,2018-09-01,4.469888235294118
Alduhamih_Al Hudaydah,2018-10-01,11.86768823529412
Alduhamih_Al Hudaydah,2018-11-01,10.874794117647058
Alduhamih_Al Hudaydah,2018-12-01,4.819194117647059
Alduhamih_Al Hudaydah,2019-01-01,9.065976470588236
Alduhamih_Al Hudaydah,2019-02-01,8.358570588235294
Alduhamih_Al Hudaydah,2019-03-01,8.433117647058824
Alduhamih_Al Hudaydah,2019-04-01,8.736288235294117
Alduhamih_Al Hudaydah,2019-05-01,8.633529411764707
Alduhamih_Al Hudaydah,2019-06-01,3.896147058823529
Alduhamih_Al Hudaydah,2019-07-01,9.924405882352941
Alduhamih_Al Hudaydah,2019-08-01,15.066523529411764
Alduhamih_Al Hudaydah,2019-09-01,4.602047058823529
Alduhamih_Al Hudaydah,2019-10-01,10.768588235294118
Alduhamih_Al Hudaydah,2019-11-01,9.74685294117647
Alduhamih_Al Hudaydah,2019-12-01,4.027741176470588
Alduhamih_Al Hudaydah,2020-01-01,9.658888235294118
Alduhamih_Al Hudaydah,2020-02-01,3.7666352941176466
Alduhamih_Al Hudaydah,2020-03-01,4.005288235294118
Alduhamih_Al Hudaydah,2020-04-01,10.965858823529413
Alduhamih_Al Hudaydah,2020-05-01,11.410423529411766
Alduhamih_Al Hudaydah,2020-06-01,11.434311764705884
Alduhamih_Al Hudaydah,2020-07-01,11.69155294117647
Alduhamih_Al Hudaydah,2020-08-01,4.0204
Alduhamih_Al Hudaydah,2020-09-01,11.75644705882353
Alduhamih_Al Hudaydah,2020-10-01,3.8234125
Alduhamih_Al Hudaydah,2020-11-01,1.00844375
Alduhamih_Al Hudaydah,2020-12-01,3.5548687500000002
Alduhamih_Al Hudaydah,2021-01-01,2.9310312499999998
Alduhamih_Al Hudaydah,2021-02-01,3.73380625
Alduhamih_Al Hudaydah,2021-03-01,4.3231375000000005
Alduhamih_Al Hudaydah,2021-04-01,4.282556250000001
Alduhamih_Al Hudaydah,2021-05-01,0.99456875
Alduhamih_Al Hudaydah,2021-06-01,3.74523125
Alduhamih_Al Hudaydah,2021-07-01,4.241081250000001
Alduhamih_Al Hudaydah,2021-08-01,1.000225
Alduhamih_Al Hudaydah,2021-09-01,4.238975
Alduhamih_Al Hudaydah,2021-10-01,4.9687625
Alduhamih_Al Hudaydah,2021-11-01,4.975
Alduhamih_Al Hudaydah,2021-12-01,4.09581875
Alduhamih_Al Hudaydah,2022-01-01,1.1162937499999999
Alduhamih_Al Hudaydah,2022-02-01,5.3488625
Alduhamih_Al Hudaydah,2022-03-01,7.286
Alduhamih_Al Hudaydah,2022-04-01,4.96125
Alduhamih_Al Hudaydah,2022-05-01,1.10531875
Alduhamih_Al Hudaydah,2022-06-01,5.68755625
Alduhamih_Al Hudaydah,2022-07-01,4.07641875
Alduhamih_Al Hudaydah,2022-08-01,4.119325
Alduhamih_Al Hudaydah,2022-09-01,4.096425
Alduhamih_Al Hudaydah,2022-10-01,0.8672875
Alduhamih_Al Hudaydah,2022-11-01,3.857525
Alduhamih_Al Hudaydah,2022-12-01,3.8031875
Alduhamih_Al Hudaydah,2023-01-01,0.7679875
Alduhamih_Al Hudaydah,2023-02-01,3.8003062499999998
Alduhamih_Al Hudaydah,2023-03-01,4.03833125
Alduhamih_Al Hudaydah,2023-04-01,0.7579750000000001
Alduhamih_Al Hudaydah,2023-05-01,3.6827375
Alduhamih_Al Hudaydah,2023-06-01,3.6105625
Alduhamih_Al Hudaydah,2023-07-01,0.6375375
Alduhamih_Al Hudaydah,2023-08-01,3.55673125
Alduhamih_Al Hudaydah,2023-09-01,3.3908625
Alduhamih_Al Hudaydah,2023-10-01,0.56606875
Alduhamih_Al Hudaydah,2023-11-01,3.3509124999999997
Alduhamih_Al Hudaydah,2023-12-01,3.57116875
Alduhamih_Al Hudaydah,2024-01-01,3.78194375
Alduhamih_Al Hudaydah,2024-02-01,3.69655625
Alduhamih_Al Hudaydah,2024-03-01,3.65030625
Alduhamih_Al Hudaydah,2024-04-01,3.7565625
Alduhamih_Al Hudaydah,2024-05-01,3.6678
Alsuail_Hajjah,2015-02-01,0.9069800000000001
Alsuail_Hajjah,2015-03-01,0.9841799999999999
Alsuail_Hajjah,2015-04-01,1.08124
Alsuail_Hajjah,2015-05-01,1.0581999999999998
Alsuail_Hajjah,2015-06-01,1.2486000000000002
Alsuail_Hajjah,2015-07-01,1.052
Alsuail_Hajjah,2015-08-01,1.08064
Alsuail_Hajjah,2015-09-01,1.26362
Alsuail_Hajjah,2015-10-01,1.32512
Alsuail_Hajjah,2015-11-01,1.16
Alsuail_Hajjah,2015-12-01,1.30638
Alsuail_Hajjah,2016-01-01,1.15262
Alsuail_Hajjah,2016-02-01,1.06212
Alsuail_Hajjah,2016-03-01,0.94414
Alsuail_Hajjah,2016-04-01,1.04412
Alsuail_Hajjah,2016-05-01,0.93116
Alsuail_Hajjah,2016-06-01,0.8740399999999999
Alsuail_Hajjah,2016-07-01,10.473870588235295
Alsuail_Hajjah,2016-08-01,10.536794117647059
Alsuail_Hajjah,2016-09-01,10.738223529411766
Alsuail_Hajjah,2016-10-01,8.021799999999999
Alsuail_Hajjah,2016-11-01,9.326270588235294
Alsuail_Hajjah,2016-12-01,9.325588235294118
Alsuail_Hajjah,2017-01-01,7.604594117647061
Alsuail_Hajjah,2017-02-01,9.4365
Alsuail_Hajjah,2017-03-01,9.213041176470586
Alsuail_Hajjah,2017-04-01,6.22914705882353
Alsuail_Hajjah,2017-05-01,9.070982352941177
Alsuail_Hajjah,2017-06-01,9.871694117647058
Alsuail_Hajjah,2017-07-01,6.741217647058825
Alsuail_Hajjah,2017-08-01,9.841382352941176
Alsuail_Hajjah,2017-09-01,10.198217647058824
Alsuail_Hajjah,2017-10-01,6.789817647058824
Alsuail_Hajjah,2017-11-01,10.665794117647058
Alsuail_Hajjah,2017-12-01,10.704117647058824
Alsuail_Hajjah,2018-01-01,10.787747058823529
Alsuail_Hajjah,2018-02-01,2.542164705882353
Alsuail_Hajjah,2018-03-01,11.107976470588236
Alsuail_Hajjah,2018-04-01,6.002782352941177
Alsuail_Hajjah,2018-05-01,11.53265294117647
Alsuail_Hajjah,2018-06-01,12.018476470588237
Alsuail_Hajjah,2018-07-01,6.158411764705882
Alsuail_Hajjah,2018-08-01,14.242958823529412
Alsuail_Hajjah,2018-09-01,1.4594250000000002
Alsuail_Hajjah,2018-10-01,1.7590800000000002
Alsuail_Hajjah,2018-11-01,1.7078600000000002
Alsuail_Hajjah,2018-12-01,0.7335
Alsuail_Hajjah,2019-01-01,1.47498
Alsuail_Hajjah,2019-02-01,1.46664
Alsuail_Hajjah,2019-03-01,1.51796
Alsuail_Hajjah,2019-04-01,1.51182
Alsuail_Hajjah,2019-05-01,1.6866999999999996
Alsuail_Hajjah,2019-07-01,1.39725
Alsuail_Hajjah,2019-08-01,1.4117000000000002
Alsuail_Hajjah,2019-09-01,0.6492
Alsuail_Hajjah,2019-10-01,1.61115
Alsuail_Hajjah,2019-11-01,1.5666499999999999
Alsuail_Hajjah,2020-01-01,1.221425
Alsuail_Hajjah,2020-02-01,0.459825
Alsuail_Hajjah,2020-04-01,24.037794117647056
Alsuail_Hajjah,2020-05-01,23.58969411764706
Alsuail_Hajjah,2020-06-01,23.639100000000003
Alsuail_Hajjah,2020-07-01,25.5662
Alsuail_Hajjah,2020-08-01,7.792547058823529
Alsuail_Hajjah,2020-09-01,24.957517647058825
Alsuail_Hajjah,2020-10-01,2.7553875
Alsuail_Hajjah,2020-11-01,0.76229375
Alsuail_Hajjah,2020-12-01,2.6720625000000005
Alsuail_Hajjah,2021-01-01,2.90574
Alsuail_Hajjah,2021-02-01,2.94052
Alsuail_Hajjah,2021-03-01,2.98808125
Alsuail_Hajjah,2021-04-01,3.70758125
Alsuail_Hajjah,2021-05-01,0.8581666666666666
Alsuail_Hajjah,2021-06-01,2.9870200000000002
Alsuail_Hajjah,2021-07-01,3.013793333333333
Alsuail_Hajjah,2021-08-01,0.7603399999999999
Alsuail_Hajjah,2021-09-01,3.1559133333333333
Alsuail_Hajjah,2021-10-01,3.1474400000000005
Alsuail_Hajjah,2021-11-01,3.2461333333333333
Alsuail_Hajjah,2021-12-01,3.24732
Alsuail_Hajjah,2022-01-01,0.7654333333333334
Alsuail_Hajjah,2022-02-01,3.2972666666666663
Alsuail_Hajjah,2022-03-01,4.484266666666667
Alsuail_Hajjah,2022-04-01,4.119233333333333
Alsuail_Hajjah,2022-05-01,1.0285866666666665
Alsuail_Hajjah,2022-06-01,4.2501066666666665
Alsuail_Hajjah,2022-07-01,4.1858200000000005
Alsuail_Hajjah,2022-08-01,4.1399799999999995
Alsuail_Hajjah,2022-09-01,4.0567
Alsuail_Hajjah,2022-10-01,0.8797866666666666
Alsuail_Hajjah,2022-11-01,3.81996
Alsuail_Hajjah,2022-12-01,3.77256
Alsuail_Hajjah,2023-01-01,0.75854
Alsuail_Hajjah,2023-02-01,3.7905333333333338
Alsuail_Hajjah,2023-03-01,3.7601533333333332
Alsuail_Hajjah,2023-04-01,0.75356
Alsuail_Hajjah,2023-05-01,3.6773533333333335
Alsuail_Hajjah,2023-06-01,3.553393333333333
Alsuail_Hajjah,2023-07-01,0.61662
Alsuail_Hajjah,2023-08-01,3.4044733333333337
Alsuail_Hajjah,2023-09-01,3.453706666666667
Alsuail_Hajjah,2023-10-01,0.5935533333333333
Alsuail_Hajjah,2023-11-01,3.49118
Alsuail_Hajjah,2023-12-01,3.5425400000000002
Alsuail_Hajjah,2024-01-01,3.8895199999999996
Alsuail_Hajjah,2024-02-01,3.8296533333333334
Alsuail_Hajjah,2024-03-01,3.76076
Alsuail_Hajjah,2024-04-01,3.72652
Alsuail_Hajjah,2024-05-01,3.675413333333333
Amran City_Amran,2015-01-01,0.8856666666666667
Amran City_Amran,2015-02-01,0.8651133333333334
Amran City_Amran,2015-03-01,0.9751933333333334
Amran City_Amran,2015-04-01,1.2510599999999998
Amran City_Amran,2015-05-01,2.6096428571428567
Amran City_Amran,2015-06-01,2.6881999999999997
Amran City_Amran,2015-07-01,1.7620142857142855
Amran City_Amran,2015-08-01,1.0695571428571429
Amran City_Amran,2015-09-01,1.4167428571428573
Amran City_Amran,2015-10-01,1.7646714285714287
Amran City_Amran,2015-11-01,1.605242857142857
Amran City_Amran,2015-12-01,1.4464000000000001
Amran City_Amran,2016-01-01,1.3144857142857143
Amran City_Amran,2016-02-01,1.266
Amran City_Amran,2016-03-01,1.2350428571428573
Amran City_Amran,2016-04-01,1.0115714285714286
Amran City_Amran,2016-05-01,1.1705857142857143
Amran City_Amran,2016-06-01,12.961353333333333
Amran City_Amran,2016-07-01,11.785929411764707
Amran City_Amran,2016-08-01,12.266882352941177
Amran City_Amran,2016-09-01,10.747917647058825
Amran City_Amran,2016-10-01,8.22645294117647
Amran City_Amran,2016-11-01,10.470399999999998
Amran City_Amran,2016-12-01,9.748000000000001
Amran City_Amran,2017-01-01,8.202941176470588
Amran City_Amran,2017-02-01,10.029564705882352
Amran City_Amran,2017-03-01,9.76435294117647
Amran City_Amran,2017-04-01,6.8677882352941175
Amran City_Amran,2017-05-01,10.34064705882353
Amran City_Amran,2017-06-01,10.894905882352942
Amran City_Amran,2017-07-01,7.279582352941177
Amran City_Amran,2017-08-01,11.5543
Amran City_Amran,2017-09-01,10.98265882352941
Amran City_Amran,2017-10-01,7.1186
Amran City_Amran,2017-11-01,10.886235294117647
Amran City_Amran,2017-12-01,10.779117647058824
Amran City_Amran,2018-01-01,9.879035294117648
Amran City_Amran,2018-02-01,9.888917647058822
Amran City_Amran,2018-03-01,10.051964705882353
Amran City_Amran,2018-04-01,5.467158823529411
Amran City_Amran,2018-05-01,10.787358823529411
Amran City_Amran,2018-06-01,12.770688235294118
Amran City_Amran,2018-07-01,6.939741176470588
Amran City_Amran,2018-08-01,13.833352941176472
Amran City_Amran,2018-09-01,5.118335294117648
Amran City_Amran,2018-10-01,12.526476470588236
Amran City_Amran,2018-11-01,13.819058823529414
Amran City_Amran,2018-12-01,6.8469411764705885
Amran City_Amran,2019-01-01,13.893211764705883
Amran City_Amran,2019-02-01,13.922688235294117
Amran City_Amran,2019-03-01,14.420364705882355
Amran City_Amran,2019-04-01,15.026805882352942
Amran City_Amran,2019-05-01,15.07530588235294
Amran City_Amran,2019-06-01,6.687400000000001
Amran City_Amran,2019-07-01,17.902764705882355
Amran City_Amran,2019-08-01,29.2944
Amran City_Amran,2019-09-01,10.677794117647057
Amran City_Amran,2019-10-01,32.92742352941177
Amran City_Amran,2019-11-01,31.724205882352944
Amran City_Amran,2019-12-01,12.6327
Amran City_Amran,2020-01-01,29.415899999999997
Amran City_Amran,2020-02-01,11.658235294117647
Amran City_Amran,2020-03-01,11.524064705882353
Amran City_Amran,2020-04-01,30.620788235294118
Amran City_Amran,2020-05-01,28.30638823529412
Amran City_Amran,2020-06-01,28.365358823529416
Amran City_Amran,2020-07-01,27.5106
Amran City_Amran,2020-08-01,7.271917647058824
Amran City_Amran,2020-09-01,22.78525882352941
Amran City_Amran,2020-10-01,3.18963125
Amran City_Amran,2020-11-01,0.7195812500000001
Amran City_Amran,2020-12-01,2.5709625000000003
Amran City_Amran,2021-01-01,2.53719375
Amran City_Amran,2021-02-01,2.67929375
Amran City_Amran,2021-03-01,2.70299375
Amran City_Amran,2021-04-01,2.7444125
Amran City_Amran,2021-05-01,0.75066875
Amran City_Amran,2021-06-01,2.76666875
Amran City_Amran,2021-07-01,2.758725
Amran City_Amran,2021-08-01,0.714825
Amran City_Amran,2021-09-01,3.02655625
Amran City_Amran,2021-10-01,3.0342687500000003
Amran City_Amran,2021-11-01,3.127
Amran City_Amran,2021-12-01,3.1778875
Amran City_Amran,2022-01-01,0.83841875
Amran City_Amran,2022-02-01,3.46258125
Amran City_Amran,2022-03-01,3.89525
Amran City_Amran,2022-04-01,3.969475
Amran City_Amran,2022-05-01,1.0341875
Amran City_Amran,2022-06-01,4.02359375
Amran City_Amran,2022-07-01,4.035575
Amran City_Amran,2022-08-01,4.027075
Amran City_Amran,2022-09-01,4.06016875
Amran City_Amran,2022-10-01,0.85556875
Amran City_Amran,2022-11-01,3.75425625
Amran City_Amran,2022-12-01,3.72320625
Amran City_Amran,2023-01-01,0.74858125
Amran City_Amran,2023-02-01,3.63113125
Amran City_Amran,2023-03-01,3.638725
Amran City_Amran,2023-04-01,0.76309375
Amran City_Amran,2023-05-01,3.9383624999999998
Amran City_Amran,2023-06-01,3.7011499999999997
Amran City_Amran,2023-07-01,0.6373624999999999
Amran City_Amran,2023-08-01,3.40926875
Amran City_Amran,2023-09-01,3.3750125
Amran City_Amran,2023-10-01,0.57221875
Amran City_Amran,2023-11-01,3.44965625
Amran City_Amran,2023-12-01,3.49165625
Amran City_Amran,2024-01-01,3.46015
Amran City_Amran,2024-02-01,3.3812812500000002
Amran City_Amran,2024-03-01,3.3812812500000002
Amran City_Amran,2024-04-01,3.3446499999999997
Amran City_Amran,2024-05-01,3.33695
Central Ataq_Shabwah,2016-06-01,10.96004117647059
Central Ataq_Shabwah,2016-07-01,9.746623529411764
Central Ataq_Shabwah,2016-08-01,9.629464705882352
Central Ataq_Shabwah,2016-09-01,10.747923529411764
Central Ataq_Shabwah,2016-10-01,7.674082352941176
Central Ataq_Shabwah,2016-11-01,9.7113
Central Ataq_Shabwah,2016-12-01,10.043294117647058
Central Ataq_Shabwah,2017-01-01,8.791670588235293
Central Ataq_Shabwah,2017-02-01,11.417782352941176
Central Ataq_Shabwah,2017-03-01,10.57175294117647
Central Ataq_Shabwah,2017-04-01,7.107229411764706
Central Ataq_Shabwah,2017-05-01,11.150470588235295
Central Ataq_Shabwah,2017-06-01,11.120070588235293
Central Ataq_Shabwah,2017-07-01,7.982635294117648
Central Ataq_Shabwah,2017-08-01,11.903082352941178
Central Ataq_Shabwah,2017-09-01,12.09935294117647
Central Ataq_Shabwah,2017-10-01,6.852635294117647
Central Ataq_Shabwah,2017-11-01,11.612835294117646
Central Ataq_Shabwah,2017-12-01,11.184117647058823
Central Ataq_Shabwah,2018-01-01,10.987770588235295
Central Ataq_Shabwah,2018-02-01,10.998782352941177
Central Ataq_Shabwah,2018-03-01,11.351299999999998
Central Ataq_Shabwah,2018-04-01,5.870141176470589
Central Ataq_Shabwah,2018-05-01,11.96670588235294
Central Ataq_Shabwah,2018-06-01,12.503823529411765
Central Ataq_Shabwah,2018-07-01,6.232811764705882
Central Ataq_Shabwah,2018-08-01,15.20680588235294
Central Ataq_Shabwah,2018-09-01,4.959499999999999
Central Ataq_Shabwah,2018-10-01,14.446664705882355
Central Ataq_Shabwah,2018-11-01,17.681782352941177
Central Ataq_Shabwah,2018-12-01,8.420117647058824
Central Ataq_Shabwah,2019-01-01,16.683723529411765
Central Ataq_Shabwah,2019-02-01,15.776629411764706
Central Ataq_Shabwah,2019-03-01,15.849405882352942
Central Ataq_Shabwah,2019-04-01,16.050917647058824
Central Ataq_Shabwah,2019-05-01,16.218588235294117
Central Ataq_Shabwah,2019-06-01,7.7517411764705875
Central Ataq_Shabwah,2019-07-01,18.238582352941172
Central Ataq_Shabwah,2019-08-01,25.759917647058824
Central Ataq_Shabwah,2019-09-01,9.37154705882353
Central Ataq_Shabwah,2019-10-01,21.960276470588237
Central Ataq_Shabwah,2019-11-01,24.99645294117647
Central Ataq_Shabwah,2019-12-01,10.182994117647057
Central Ataq_Shabwah,2020-01-01,14.814505882352941
Central Ataq_Shabwah,2020-02-01,10.3842
Central Ataq_Shabwah,2020-03-01,11.192570588235295
Central Ataq_Shabwah,2020-04-01,26.545776470588237
Central Ataq_Shabwah,2020-05-01,22.928705882352943
Central Ataq_Shabwah,2020-06-01,22.976717647058823
Central Ataq_Shabwah,2020-07-01,27.0070875
Central Ataq_Shabwah,2020-08-01,8.76801875
Central Ataq_Shabwah,2020-09-01,27.44420625
Central Ataq_Shabwah,2020-10-01,3.0429066666666666
Central Ataq_Shabwah,2020-11-01,0.8620466666666666
Central Ataq_Shabwah,2020-12-01,2.987953333333333
Central Ataq_Shabwah,2021-01-01,2.886686666666667
Central Ataq_Shabwah,2021-02-01,3.007826666666667
Central Ataq_Shabwah,2021-03-01,3.2075733333333334
Central Ataq_Shabwah,2021-04-01,3.4354266666666664
Central Ataq_Shabwah,2021-05-01,0.89312
Central Ataq_Shabwah,2021-06-01,3.4722266666666664
Central Ataq_Shabwah,2021-07-01,3.529973333333333
Central Ataq_Shabwah,2021-08-01,0.9353
Central Ataq_Shabwah,2021-09-01,4.438573333333333
Central Ataq_Shabwah,2021-10-01,5.235613333333333
Central Ataq_Shabwah,2021-11-01,6.13025
Central Ataq_Shabwah,2021-12-01,6.1967437499999996
Central Ataq_Shabwah,2022-01-01,1.4178125
Central Ataq_Shabwah,2022-02-01,5.837725
Central Ataq_Shabwah,2022-03-01,6.746133333333333
Central Ataq_Shabwah,2022-04-01,6.392666666666667
Central Ataq_Shabwah,2022-05-01,1.5938266666666665
Central Ataq_Shabwah,2022-06-01,6.596793333333333
Central Ataq_Shabwah,2022-07-01,7.042506666666667
Central Ataq_Shabwah,2022-08-01,7.266986666666667
Central Ataq_Shabwah,2022-09-01,7.123526666666667
Central Ataq_Shabwah,2022-10-01,1.5140866666666668
Central Ataq_Shabwah,2022-11-01,6.483153333333333
Central Ataq_Shabwah,2022-12-01,6.213213333333333
Central Ataq_Shabwah,2023-01-01,1.27644
Central Ataq_Shabwah,2023-02-01,6.283826666666667
Central Ataq_Shabwah,2023-03-01,6.363106666666667
Central Ataq_Shabwah,2023-04-01,1.2830000000000001
Central Ataq_Shabwah,2023-05-01,6.605906666666667
Central Ataq_Shabwah,2023-06-01,6.657333333333333
Central Ataq_Shabwah,2023-07-01,1.1663199999999998
Central Ataq_Shabwah,2023-08-01,6.4762466666666665
Central Ataq_Shabwah,2023-09-01,6.690426666666666
Central Ataq_Shabwah,2023-10-01,1.1564333333333334
Central Ataq_Shabwah,2023-11-01,6.93454
Central Ataq_Shabwah,2023-12-01,7.128066666666666
Central Ataq_Shabwah,2024-01-01,7.360893333333333
Central Ataq_Shabwah,2024-02-01,7.1739
Central Ataq_Shabwah,2024-03-01,6.967226666666666
Central Ataq_Shabwah,2024-04-01,7.130573333333333
Central Ataq_Shabwah,2024-05-01,8.496233333333333
Central Ataq_Shabwah,2024-06-01,1.0797066666666666
Central Ataq_Shabwah,2024-07-01,7.333920000000001
Dhamar City_Dhamar,2015-02-01,0.9674400000000001
Dhamar City_Dhamar,2015-03-01,0.7814
Dhamar City_Dhamar,2015-04-01,0.95832
Dhamar City_Dhamar,2015-05-01,0.98278
Dhamar City_Dhamar,2015-06-01,1.34824
Dhamar City_Dhamar,2015-07-01,1.025
Dhamar City_Dhamar,2015-08-01,1.02864
Dhamar City_Dhamar,2015-09-01,1.25524
Dhamar City_Dhamar,2015-10-01,1.45646
Dhamar City_Dhamar,2015-11-01,1.3224399999999998
Dhamar City_Dhamar,2015-12-01,1.35246
Dhamar City_Dhamar,2016-01-01,1.11162
Dhamar City_Dhamar,2016-02-01,1.037
Dhamar City_Dhamar,2016-03-01,0.8733599999999999
Dhamar City_Dhamar,2016-04-01,0.9839399999999999
Dhamar City_Dhamar,2016-05-01,0.8931800000000001
Dhamar City_Dhamar,2016-06-01,9.133864705882353
Dhamar City_Dhamar,2016-07-01,12.575194117647058
Dhamar City_Dhamar,2016-08-01,14.3475
Dhamar City_Dhamar,2016-09-01,15.878747058823532
Dhamar City_Dhamar,2016-10-01,12.09101176470588
Dhamar City_Dhamar,2016-11-01,13.381405882352942
Dhamar City_Dhamar,2016-12-01,8.592470588235294
Dhamar City_Dhamar,2017-01-01,8.523629411764706
Dhamar City_Dhamar,2017-02-01,11.165752941176471
Dhamar City_Dhamar,2017-03-01,9.243841176470587
Dhamar City_Dhamar,2017-04-01,5.5377117647058824
Dhamar City_Dhamar,2017-05-01,7.705629411764706
Dhamar City_Dhamar,2017-06-01,8.387923529411765
Dhamar City_Dhamar,2017-07-01,6.194029411764707
Dhamar City_Dhamar,2017-08-01,11.229547058823531
Dhamar City_Dhamar,2017-09-01,10.843588235294117
Dhamar City_Dhamar,2017-10-01,6.388552941176471
Dhamar City_Dhamar,2017-11-01,9.201864705882352
Dhamar City_Dhamar,2017-12-01,9.266764705882352
Dhamar City_Dhamar,2018-01-01,9.396005882352942
Dhamar City_Dhamar,2018-02-01,9.405411764705882
Dhamar City_Dhamar,2018-03-01,9.3764
Dhamar City_Dhamar,2018-04-01,4.458529411764706
Dhamar City_Dhamar,2018-05-01,8.688376470588235
Dhamar City_Dhamar,2018-06-01,11.333935294117646
Dhamar City_Dhamar,2018-07-01,7.942264705882352
Dhamar City_Dhamar,2018-08-01,19.730705882352943
Dhamar City_Dhamar,2018-09-01,6.524564705882352
Dhamar City_Dhamar,2018-10-01,15.63389411764706
Dhamar City_Dhamar,2018-11-01,15.39614705882353
Dhamar City_Dhamar,2018-12-01,8.801235294117648
Dhamar City_Dhamar,2019-01-01,16.12056470588235
Dhamar City_Dhamar,2019-02-01,18.39194117647059
Dhamar City_Dhamar,2019-03-01,18.74845294117647
Dhamar City_Dhamar,2019-04-01,19.357235294117647
Dhamar City_Dhamar,2019-05-01,21.019229411764705
Dhamar City_Dhamar,2019-06-01,9.274223529411765
Dhamar City_Dhamar,2019-07-01,20.196729411764707
Dhamar City_Dhamar,2019-08-01,24.29404705882353
Dhamar City_Dhamar,2019-09-01,8.522829411764704
Dhamar City_Dhamar,2019-10-01,23.451129411764704
Dhamar City_Dhamar,2019-11-01,22.390299999999996
Dhamar City_Dhamar,2019-12-01,8.226476470588235
Dhamar City_Dhamar,2020-01-01,20.104429411764706
Dhamar City_Dhamar,2020-02-01,7.6590823529411765
Dhamar City_Dhamar,2020-03-01,7.281188235294117
Dhamar City_Dhamar,2020-04-01,18.75581764705882
Dhamar City_Dhamar,2020-05-01,22.64209411764706
Dhamar City_Dhamar,2020-06-01,22.689505882352943
Dhamar City_Dhamar,2020-07-01,22.19030588235294
Dhamar City_Dhamar,2020-08-01,6.3544294117647055
Dhamar City_Dhamar,2020-09-01,20.608788235294117
Dhamar City_Dhamar,2020-10-01,4.01075625
Dhamar City_Dhamar,2020-11-01,0.87819375
Dhamar City_Dhamar,2020-12-01,3.04315625
Dhamar City_Dhamar,2021-01-01,2.999775
Dhamar City_Dhamar,2021-02-01,4.1728875
Dhamar City_Dhamar,2021-03-01,3.5370875
Dhamar City_Dhamar,2021-04-01,3.6747
Dhamar City_Dhamar,2021-05-01,1.070825
Dhamar City_Dhamar,2021-06-01,3.55051875
Dhamar City_Dhamar,2021-07-01,4.03484375
Dhamar City_Dhamar,2021-08-01,0.9961375
Dhamar City_Dhamar,2021-09-01,4.02705
Dhamar City_Dhamar,2021-10-01,5.01164375
Dhamar City_Dhamar,2021-11-01,5.087000000000001
Dhamar City_Dhamar,2021-12-01,5.4095875
Dhamar City_Dhamar,2022-01-01,1.3678687500000002
Dhamar City_Dhamar,2022-02-01,6.47825
Dhamar City_Dhamar,2022-03-01,7.236750000000001
Dhamar City_Dhamar,2022-04-01,6.8090625
Dhamar City_Dhamar,2022-05-01,1.40910625
Dhamar City_Dhamar,2022-06-01,5.0756
Dhamar City_Dhamar,2022-07-01,5.098118749999999
Dhamar City_Dhamar,2022-08-01,4.17235625
Dhamar City_Dhamar,2022-09-01,4.12153125
Dhamar City_Dhamar,2022-10-01,0.90865625
Dhamar City_Dhamar,2022-11-01,3.75875
Dhamar City_Dhamar,2022-12-01,3.7238375
Dhamar City_Dhamar,2023-01-01,0.7421375
Dhamar City_Dhamar,2023-02-01,3.94323125
Dhamar City_Dhamar,2023-03-01,3.764175
Dhamar City_Dhamar,2023-04-01,0.7797812500000001
Dhamar City_Dhamar,2023-05-01,4.0502312499999995
Dhamar City_Dhamar,2023-06-01,3.94526875
Dhamar City_Dhamar,2023-07-01,0.7044125
Dhamar City_Dhamar,2023-08-01,3.74211875
Dhamar City_Dhamar,2023-09-01,3.6989875
Dhamar City_Dhamar,2023-10-01,0.6267
Dhamar City_Dhamar,2023-11-01,3.759375
Dhamar City_Dhamar,2023-12-01,3.79044375
Dhamar City_Dhamar,2024-01-01,3.7566875
Dhamar City_Dhamar,2024-02-01,3.6650562499999997
Dhamar City_Dhamar,2024-03-01,3.68755625
Dhamar City_Dhamar,2024-04-01,3.63409375
Dhamar City_Dhamar,2024-05-01,3.62085
Haradh Town_Hajjah,2015-01-01,1.0011533333333333
Haradh Town_Hajjah,2015-02-01,1.0096866666666666
Haradh Town_Hajjah,2015-03-01,1.0862
Haradh Town_Hajjah,2015-04-01,1.3075599999999998
Haradh Town_Hajjah,2015-05-01,2.220357142857143
Haradh Town_Hajjah,2015-06-01,2.1069428571428572
Haradh Town_Hajjah,2015-07-01,1.9169142857142858
Haradh Town_Hajjah,2015-08-01,1.3446857142857145
Haradh Town_Hajjah,2015-09-01,1.9515142857142858
Haradh Town_Hajjah,2015-10-01,2.1059285714285716
Haradh Town_Hajjah,2015-11-01,1.860642857142857
Haradh Town_Hajjah,2015-12-01,1.4409857142857143
Haradh Town_Hajjah,2016-01-01,1.2712285714285714
Haradh Town_Hajjah,2016-02-01,1.2560142857142857
Haradh Town_Hajjah,2016-03-01,1.2197285714285715
Haradh Town_Hajjah,2016-04-01,1.0453857142857144
Haradh Town_Hajjah,2016-05-01,1.1311714285714285
Haradh Town_Hajjah,2016-06-01,11.182225
Haradh Town_Hajjah,2016-07-01,10.473864705882352
Haradh Town_Hajjah,2016-08-01,10.555876470588236
Haradh Town_Hajjah,2016-09-01,10.738282352941177
Haradh Town_Hajjah,2016-10-01,8.02215294117647
Haradh Town_Hajjah,2016-11-01,9.32785882352941
Haradh Town_Hajjah,2016-12-01,9.325882352941179
Haradh Town_Hajjah,2017-01-01,7.605452941176471
Haradh Town_Hajjah,2017-02-01,9.436735294117648
Haradh Town_Hajjah,2017-03-01,9.275158823529411
Haradh Town_Hajjah,2017-04-01,6.220823529411765
Haradh Town_Hajjah,2017-05-01,4.698311764705883
Haradh Town_Hajjah,2017-06-01,4.752982352941177
Haradh Town_Hajjah,2017-07-01,6.74145294117647
Haradh Town_Hajjah,2017-08-01,9.83585294117647
Haradh Town_Hajjah,2017-09-01,10.19874705882353
Haradh Town_Hajjah,2017-10-01,6.789817647058824
Haradh Town_Hajjah,2017-11-01,10.671264705882354
Haradh Town_Hajjah,2017-12-01,10.704117647058824
Haradh Town_Hajjah,2018-01-01,10.787747058823529
Haradh Town_Hajjah,2018-02-01,10.79854705882353
Haradh Town_Hajjah,2018-03-01,5.781723529411765
Haradh Town_Hajjah,2018-04-01,3.2156823529411764
Haradh Town_Hajjah,2018-05-01,11.53265294117647
Haradh Town_Hajjah,2018-06-01,12.018476470588237
Haradh Town_Hajjah,2018-07-01,6.158411764705882
Haradh Town_Hajjah,2018-08-01,14.240482352941177
Haradh Town_Hajjah,2018-09-01,6.143576470588235
Haradh Town_Hajjah,2018-10-01,17.21453529411765
Haradh Town_Hajjah,2018-11-01,18.0128
Haradh Town_Hajjah,2018-12-01,8.5773
Haradh Town_Hajjah,2019-01-01,17.09888823529412
Haradh Town_Hajjah,2019-02-01,16.793764705882353
Haradh Town_Hajjah,2019-03-01,16.213299999999997
Haradh Town_Hajjah,2019-04-01,16.679823529411767
Haradh Town_Hajjah,2019-05-01,13.81741176470588
Haradh Town_Hajjah,2019-06-01,5.8754470588235295
Haradh Town_Hajjah,2019-07-01,16.901170588235296
Haradh Town_Hajjah,2019-08-01,22.745011764705882
Haradh Town_Hajjah,2019-09-01,9.03709411764706
Haradh Town_Hajjah,2019-10-01,23.405218750000003
Haradh Town_Hajjah,2019-11-01,25.11665625
Haradh Town_Hajjah,2019-12-01,10.5562625
Haradh Town_Hajjah,2020-01-01,28.20496875
Haradh Town_Hajjah,2020-02-01,10.733531250000002
Haradh Town_Hajjah,2020-03-01,9.716470588235294
Ibb City_Ibb,2016-06-01,8.24705
Ibb City_Ibb,2016-07-01,8.791329411764705
Ibb City_Ibb,2016-08-01,8.940235294117647
Ibb City_Ibb,2016-09-01,9.104488235294118
Ibb City_Ibb,2016-10-01,7.527647058823528
Ibb City_Ibb,2016-11-01,8.76484705882353
Ibb City_Ibb,2016-12-01,8.577411764705882
Ibb City_Ibb,2017-01-01,7.319099999999999
Ibb City_Ibb,2017-02-01,9.145382352941176
Ibb City_Ibb,2017-03-01,9.22099411764706
Ibb City_Ibb,2017-04-01,6.369752941176471
Ibb City_Ibb,2017-05-01,9.053382352941176
Ibb City_Ibb,2017-06-01,9.871988235294117
Ibb City_Ibb,2017-07-01,6.169082352941177
Ibb City_Ibb,2017-08-01,9.790664705882351
Ibb City_Ibb,2017-09-01,9.711588235294116
Ibb City_Ibb,2017-10-01,6.045841176470588
Ibb City_Ibb,2017-11-01,9.77364705882353
Ibb City_Ibb,2017-12-01,9.847882352941177
Ibb City_Ibb,2018-01-01,10.787747058823529
Ibb City_Ibb,2018-02-01,9.557058823529411
Ibb City_Ibb,2018-03-01,10.825800000000001
Ibb City_Ibb,2018-04-01,5.883276470588235
Ibb City_Ibb,2018-05-01,9.104176470588236
Ibb City_Ibb,2018-06-01,8.734082352941176
Ibb City_Ibb,2018-07-01,4.322894117647059
Ibb City_Ibb,2018-08-01,9.564123529411765
Ibb City_Ibb,2018-09-01,4.0347
Ibb City_Ibb,2018-10-01,11.0809
Ibb City_Ibb,2018-11-01,9.919858823529411
Ibb City_Ibb,2018-12-01,4.6440117647058825
Ibb City_Ibb,2019-01-01,9.144241176470588
Ibb City_Ibb,2019-02-01,9.337388235294116
Ibb City_Ibb,2019-03-01,9.352123529411765
Ibb City_Ibb,2019-04-01,9.456705882352942
Ibb City_Ibb,2019-05-01,9.199705882352943
Ibb City_Ibb,2019-06-01,3.9966588235294114
Ibb City_Ibb,2019-07-01,9.119876470588236
Ibb City_Ibb,2019-08-01,9.166170588235293
Ibb City_Ibb,2019-09-01,3.795688235294118
Ibb City_Ibb,2019-10-01,9.393888235294117
Ibb City_Ibb,2019-11-01,9.344229411764706
Ibb City_Ibb,2019-12-01,3.8569588235294114
Ibb City_Ibb,2020-01-01,9.317658823529412
Ibb City_Ibb,2020-02-01,3.5222058823529414
Ibb City_Ibb,2020-03-01,3.4917235294117646
Ibb City_Ibb,2020-04-01,9.308311764705882
Ibb City_Ibb,2020-05-01,8.864899999999999
Ibb City_Ibb,2020-06-01,8.883458823529411
Ibb City_Ibb,2020-07-01,12.4772
Ibb City_Ibb,2020-08-01,2.9636058823529408
Ibb City_Ibb,2020-09-01,12.25195882352941
Ibb City_Ibb,2020-10-01,2.98658125
Ibb City_Ibb,2020-11-01,0.70575
Ibb City_Ibb,2020-12-01,3.2945875
Ibb City_Ibb,2021-01-01,2.3401312499999998
Ibb City_Ibb,2021-02-01,2.35718125
Ibb City_Ibb,2021-03-01,2.6088125
Ibb City_Ibb,2021-04-01,2.8926625
Ibb City_Ibb,2021-05-01,0.795475
Ibb City_Ibb,2021-06-01,3.125246666666667
Ibb City_Ibb,2021-07-01,3.3203466666666666
Ibb City_Ibb,2021-08-01,0.96169375
Ibb City_Ibb,2021-09-01,3.64353125
Ibb City_Ibb,2021-10-01,3.733225
Ibb City_Ibb,2021-11-01,3.68475
Ibb City_Ibb,2021-12-01,4.115493333333333
Ibb City_Ibb,2022-01-01,1.32600625
Ibb City_Ibb,2022-02-01,3.31839375
Ibb City_Ibb,2022-03-01,4.61325
Ibb City_Ibb,2022-04-01,4.01744
Ibb City_Ibb,2022-05-01,1.1667866666666666
Ibb City_Ibb,2022-06-01,4.757906666666667
Ibb City_Ibb,2022-07-01,5.0241533333333335
Ibb City_Ibb,2022-08-01,4.008133333333333
Ibb City_Ibb,2022-09-01,3.9286933333333334
Ibb City_Ibb,2022-10-01,0.8544466666666667
Ibb City_Ibb,2022-11-01,3.84151875
Ibb City_Ibb,2022-12-01,3.4827625
Ibb City_Ibb,2023-01-01,0.6918124999999999
Ibb City_Ibb,2023-02-01,3.4611733333333334
Ibb City_Ibb,2023-03-01,3.8270733333333333
Ibb City_Ibb,2023-04-01,0.7961266666666666
Ibb City_Ibb,2023-05-01,4.587666666666666
Ibb City_Ibb,2023-06-01,3.98458
Ibb City_Ibb,2023-07-01,0.6866733333333334
Ibb City_Ibb,2023-08-01,3.9979266666666664
Ibb City_Ibb,2023-09-01,3.7298466666666665
Ibb City_Ibb,2023-10-01,0.6131733333333333
Ibb City_Ibb,2023-11-01,3.49396
Ibb City_Ibb,2023-12-01,3.7156466666666663
Ibb City_Ibb,2024-01-01,3.9463466666666664
Ibb City_Ibb,2024-02-01,3.7728333333333333
Ibb City_Ibb,2024-03-01,3.7096333333333336
Ibb City_Ibb,2024-04-01,3.68074
Ibb City_Ibb,2024-05-01,3.8144875000000003
Jihana Almarkazi_Sana'a,2016-06-01,14.751115384615385
Jihana Almarkazi_Sana'a,2016-07-01,11.369011764705883
Jihana Almarkazi_Sana'a,2016-08-01,10.772805882352941
Jihana Almarkazi_Sana'a,2016-09-01,10.934058823529412
Jihana Almarkazi_Sana'a,2016-10-01,9.304370588235296
Jihana Almarkazi_Sana'a,2016-11-01,10.620999999999999
Jihana Almarkazi_Sana'a,2016-12-01,10.032235294117648
Jihana Almarkazi_Sana'a,2017-01-01,7.719158823529413
Jihana Almarkazi_Sana'a,2017-02-01,9.180717647058824
Jihana Almarkazi_Sana'a,2017-03-01,9.350770588235296
Jihana Almarkazi_Sana'a,2017-04-01,6.844664705882352
Jihana Almarkazi_Sana'a,2017-05-01,10.133223529411763
Jihana Almarkazi_Sana'a,2017-06-01,10.082317647058822
Jihana Almarkazi_Sana'a,2017-07-01,6.821064705882353
Jihana Almarkazi_Sana'a,2017-08-01,10.088605882352942
Jihana Almarkazi_Sana'a,2017-09-01,9.863147058823529
Jihana Almarkazi_Sana'a,2017-10-01,5.992494117647058
Jihana Almarkazi_Sana'a,2017-11-01,9.25464705882353
Jihana Almarkazi_Sana'a,2017-12-01,10.483823529411765
Jihana Almarkazi_Sana'a,2018-01-01,10.358547058823529
Jihana Almarkazi_Sana'a,2018-02-01,10.368923529411765
Jihana Almarkazi_Sana'a,2018-03-01,9.741541176470589
Jihana Almarkazi_Sana'a,2018-04-01,4.794076470588235
Jihana Almarkazi_Sana'a,2018-05-01,9.002276470588235
Jihana Almarkazi_Sana'a,2018-06-01,10.102276470588235
Jihana Almarkazi_Sana'a,2018-07-01,5.180394117647059
Jihana Almarkazi_Sana'a,2018-08-01,10.3203
Jihana Almarkazi_Sana'a,2018-09-01,4.041635294117647
Jihana Almarkazi_Sana'a,2018-10-01,11.132982352941175
Jihana Almarkazi_Sana'a,2018-11-01,12.749805882352941
Jihana Almarkazi_Sana'a,2018-12-01,5.3782764705882355
Jihana Almarkazi_Sana'a,2019-01-01,12.069829411764704
Jihana Almarkazi_Sana'a,2019-02-01,12.236141176470587
Jihana Almarkazi_Sana'a,2019-03-01,11.61945294117647
Jihana Almarkazi_Sana'a,2019-04-01,11.990447058823532
Jihana Almarkazi_Sana'a,2019-05-01,12.363900000000001
Jihana Almarkazi_Sana'a,2019-06-01,5.782482352941177
Jihana Almarkazi_Sana'a,2019-07-01,12.701494117647059
Jihana Almarkazi_Sana'a,2019-08-01,17.5161294117647
Jihana Almarkazi_Sana'a,2019-09-01,7.747894117647059
Jihana Almarkazi_Sana'a,2019-10-01,20.660829411764706
Jihana Almarkazi_Sana'a,2019-11-01,19.46890588235294
Jihana Almarkazi_Sana'a,2019-12-01,7.851041176470589
Jihana Almarkazi_Sana'a,2020-01-01,18.893900000000002
Jihana Almarkazi_Sana'a,2020-02-01,7.647158823529412
Jihana Almarkazi_Sana'a,2020-03-01,7.345488235294118
Jihana Almarkazi_Sana'a,2020-04-01,17.917176470588235
Jihana Almarkazi_Sana'a,2020-05-01,17.908264705882353
Jihana Almarkazi_Sana'a,2020-06-01,17.945758823529413
Jihana Almarkazi_Sana'a,2020-07-01,18.166770588235295
Jihana Almarkazi_Sana'a,2020-08-01,5.107970588235293
Jihana Almarkazi_Sana'a,2020-09-01,17.006729411764706
Jihana Almarkazi_Sana'a,2020-10-01,2.87808125
Jihana Almarkazi_Sana'a,2020-11-01,0.89556875
Jihana Almarkazi_Sana'a,2020-12-01,2.7025312500000003
Jihana Almarkazi_Sana'a,2021-01-01,2.644925
Jihana Almarkazi_Sana'a,2021-02-01,2.75705625
Jihana Almarkazi_Sana'a,2021-03-01,3.159075
Jihana Almarkazi_Sana'a,2021-04-01,3.746775
Jihana Almarkazi_Sana'a,2021-05-01,0.898375
Jihana Almarkazi_Sana'a,2021-06-01,3.31040625
Jihana Almarkazi_Sana'a,2021-07-01,3.27210625
Jihana Almarkazi_Sana'a,2021-08-01,0.8086249999999999
Jihana Almarkazi_Sana'a,2021-09-01,3.3208875
Jihana Almarkazi_Sana'a,2021-10-01,3.7707625
Jihana Almarkazi_Sana'a,2021-11-01,3.68025
Jihana Almarkazi_Sana'a,2021-12-01,3.35515625
Jihana Almarkazi_Sana'a,2022-01-01,0.8944375
Jihana Almarkazi_Sana'a,2022-02-01,3.6224749999999997
Jihana Almarkazi_Sana'a,2022-03-01,4.377
Jihana Almarkazi_Sana'a,2022-04-01,4.2212499999999995
Jihana Almarkazi_Sana'a,2022-05-01,1.0664625
Jihana Almarkazi_Sana'a,2022-06-01,4.00390625
Jihana Almarkazi_Sana'a,2022-07-01,3.99521875
Jihana Almarkazi_Sana'a,2022-08-01,3.9358125
Jihana Almarkazi_Sana'a,2022-09-01,3.8592125
Jihana Almarkazi_Sana'a,2022-10-01,0.85736875
Jihana Almarkazi_Sana'a,2022-11-01,3.83651875
Jihana Almarkazi_Sana'a,2022-12-01,3.7331062499999996
Jihana Almarkazi_Sana'a,2023-01-01,0.7760750000000001
Jihana Almarkazi_Sana'a,2023-02-01,3.49528125
Jihana Almarkazi_Sana'a,2023-03-01,3.5069125
Jihana Almarkazi_Sana'a,2023-04-01,0.7141625
Jihana Almarkazi_Sana'a,2023-05-01,3.6619875000000004
Jihana Almarkazi_Sana'a,2023-06-01,3.70730625
Jihana Almarkazi_Sana'a,2023-07-01,0.66635625
Jihana Almarkazi_Sana'a,2023-08-01,3.5551749999999998
Jihana Almarkazi_Sana'a,2023-09-01,3.4599124999999997
Jihana Almarkazi_Sana'a,2023-10-01,0.597325
Jihana Almarkazi_Sana'a,2023-11-01,3.54090625
Jihana Almarkazi_Sana'a,2023-12-01,3.66869375
Jihana Almarkazi_Sana'a,2024-01-01,3.50165625
Jihana Almarkazi_Sana'a,2024-02-01,3.48778125
Jihana Almarkazi_Sana'a,2024-03-01,3.4940375
Jihana Almarkazi_Sana'a,2024-04-01,3.6159187499999996
Jihana Almarkazi_Sana'a,2024-05-01,3.59404375
Mahweet City_Al Mahwit,2016-06-01,8.017468749999999
Mahweet City_Al Mahwit,2016-07-01,8.140729411764706
Mahweet City_Al Mahwit,2016-08-01,7.813376470588234
Mahweet City_Al Mahwit,2016-09-01,7.457529411764706
Mahweet City_Al Mahwit,2016-10-01,5.678841176470589
Mahweet City_Al Mahwit,2016-11-01,6.625894117647059
Mahweet City_Al Mahwit,2016-12-01,6.312235294117648
Mahweet City_Al Mahwit,2017-01-01,5.555811764705883
Mahweet City_Al Mahwit,2017-02-01,7.58499411764706
Mahweet City_Al Mahwit,2017-03-01,7.5972470588235295
Mahweet City_Al Mahwit,2017-04-01,4.945500000000001
Mahweet City_Al Mahwit,2017-05-01,9.098970588235295
Mahweet City_Al Mahwit,2017-06-01,9.108870588235293
Mahweet City_Al Mahwit,2017-07-01,5.31125294117647
Mahweet City_Al Mahwit,2017-08-01,6.625088235294117
Mahweet City_Al Mahwit,2017-09-01,8.40074705882353
Mahweet City_Al Mahwit,2017-10-01,5.153576470588235
Mahweet City_Al Mahwit,2017-11-01,7.1830823529411765
Mahweet City_Al Mahwit,2017-12-01,6.9276470588235295
Mahweet City_Al Mahwit,2018-01-01,9.547494117647059
Mahweet City_Al Mahwit,2018-02-01,8.169794117647058
Mahweet City_Al Mahwit,2018-03-01,9.44025294117647
Mahweet City_Al Mahwit,2018-04-01,4.799129411764706
Mahweet City_Al Mahwit,2018-05-01,6.611752941176471
Mahweet City_Al Mahwit,2018-06-01,6.570870588235294
Mahweet City_Al Mahwit,2018-07-01,3.3459882352941177
Mahweet City_Al Mahwit,2018-08-01,7.263511764705882
Mahweet City_Al Mahwit,2018-09-01,3.5928235294117643
Mahweet City_Al Mahwit,2018-10-01,9.51675294117647
Mahweet City_Al Mahwit,2018-11-01,8.867370588235294
Mahweet City_Al Mahwit,2018-12-01,4.538941176470588
Mahweet City_Al Mahwit,2019-01-01,9.1372
Mahweet City_Al Mahwit,2019-02-01,9.161488235294117
Mahweet City_Al Mahwit,2019-03-01,9.184182352941175
Mahweet City_Al Mahwit,2019-04-01,9.207523529411764
Mahweet City_Al Mahwit,2019-05-01,8.58814705882353
Mahweet City_Al Mahwit,2019-06-01,3.5161294117647057
Mahweet City_Al Mahwit,2019-07-01,7.947717647058825
Mahweet City_Al Mahwit,2019-08-01,8.083076470588235
Mahweet City_Al Mahwit,2019-09-01,3.7770588235294116
Mahweet City_Al Mahwit,2019-10-01,13.196058823529413
Mahweet City_Al Mahwit,2019-11-01,12.900852941176469
Mahweet City_Al Mahwit,2019-12-01,5.362229411764706
Mahweet City_Al Mahwit,2020-01-01,11.803088235294117
Mahweet City_Al Mahwit,2020-02-01,7.193594117647059
Mahweet City_Al Mahwit,2020-03-01,5.733388235294118
Mahweet City_Al Mahwit,2020-04-01,14.030005882352942
Mahweet City_Al Mahwit,2020-05-01,14.066470588235294
Mahweet City_Al Mahwit,2020-06-01,14.095923529411765
Mahweet City_Al Mahwit,2020-07-01,14.734305882352942
Mahweet City_Al Mahwit,2020-08-01,4.398435294117648
Mahweet City_Al Mahwit,2020-09-01,12.954211764705882
Mahweet City_Al Mahwit,2020-10-01,2.552575
Mahweet City_Al Mahwit,2020-11-01,0.7015875
Mahweet City_Al Mahwit,2020-12-01,2.32680625
Mahweet City_Al Mahwit,2021-01-01,2.226075
Mahweet City_Al Mahwit,2021-02-01,2.381525
Mahweet City_Al Mahwit,2021-03-01,2.57910625
Mahweet City_Al Mahwit,2021-04-01,2.6540125
Mahweet City_Al Mahwit,2021-05-01,0.7107625
Mahweet City_Al Mahwit,2021-06-01,2.7276
Mahweet City_Al Mahwit,2021-07-01,2.6798375
Mahweet City_Al Mahwit,2021-08-01,0.70926875
Mahweet City_Al Mahwit,2021-09-01,2.8221499999999997
Mahweet City_Al Mahwit,2021-10-01,2.87219375
Mahweet City_Al Mahwit,2021-11-01,3.2805
Mahweet City_Al Mahwit,2021-12-01,3.71598125
Mahweet City_Al Mahwit,2022-01-01,1.19476875
Mahweet City_Al Mahwit,2022-02-01,5.13749375
Mahweet City_Al Mahwit,2022-03-01,5.51675
Mahweet City_Al Mahwit,2022-04-01,4.92645625
Mahweet City_Al Mahwit,2022-05-01,1.288
Mahweet City_Al Mahwit,2022-06-01,4.78484375
Mahweet City_Al Mahwit,2022-07-01,4.8958375
Mahweet City_Al Mahwit,2022-08-01,4.2608375
Mahweet City_Al Mahwit,2022-09-01,4.4626125
Mahweet City_Al Mahwit,2022-10-01,0.95375
Mahweet City_Al Mahwit,2022-11-01,3.91353125
Mahweet City_Al Mahwit,2022-12-01,2.48186875
Mahweet City_Al Mahwit,2023-01-01,0.8103625
Mahweet City_Al Mahwit,2023-02-01,4.26534375
Mahweet City_Al Mahwit,2023-03-01,4.04665
Mahweet City_Al Mahwit,2023-04-01,0.7798437500000001
Mahweet City_Al Mahwit,2023-05-01,3.96563125
Mahweet City_Al Mahwit,2023-06-01,3.84358125
Mahweet City_Al Mahwit,2023-07-01,0.68849375
Mahweet City_Al Mahwit,2023-08-01,3.5716375
Mahweet City_Al Mahwit,2023-09-01,3.566725
Mahweet City_Al Mahwit,2023-10-01,0.5790562499999999
Mahweet City_Al Mahwit,2023-11-01,3.4281875
Mahweet City_Al Mahwit,2023-12-01,3.3811375
Mahweet City_Al Mahwit,2024-01-01,3.53965625
Mahweet City_Al Mahwit,2024-02-01,3.4782875
Mahweet City_Al Mahwit,2024-03-01,3.46953125
Mahweet City_Al Mahwit,2024-04-01,3.5390375
Mahweet City_Al Mahwit,2024-05-01,3.50111875
Marib City_Marib,2016-06-01,15.267
Marib City_Marib,2016-07-01,13.90754705882353
Marib City_Marib,2016-08-01,13.281623529411764
Marib City_Marib,2016-09-01,13.250223529411764
Marib City_Marib,2016-10-01,11.284170588235293
Marib City_Marib,2016-11-01,13.167194117647059
Marib City_Marib,2016-12-01,13.31741176470588
Marib City_Marib,2017-01-01,11.633770588235294
Marib City_Marib,2017-02-01,14.547723529411764
Marib City_Marib,2017-03-01,15.43260588235294
Marib City_Marib,2017-04-01,10.506035294117646
Marib City_Marib,2017-05-01,7.3878941176470585
Marib City_Marib,2017-06-01,8.964964705882352
Marib City_Marib,2017-07-01,9.274829411764706
Marib City_Marib,2017-08-01,10.987364705882353
Marib City_Marib,2017-09-01,15.985782352941177
Marib City_Marib,2017-10-01,9.322729411764707
Marib City_Marib,2017-11-01,15.150270588235294
Marib City_Marib,2017-12-01,13.943529411764708
Marib City_Marib,2018-01-01,8.161617647058824
Marib City_Marib,2018-02-01,14.573658823529412
Marib City_Marib,2018-03-01,7.575670588235293
Marib City_Marib,2018-04-01,3.5233176470588234
Marib City_Marib,2018-05-01,17.034558823529412
Marib City_Marib,2018-06-01,17.231305882352938
Marib City_Marib,2018-07-01,8.952811764705883
Marib City_Marib,2018-08-01,19.948688235294117
Marib City_Marib,2018-09-01,8.057699999999999
Marib City_Marib,2018-10-01,21.002517647058824
Marib City_Marib,2018-11-01,17.577329411764705
Marib City_Marib,2018-12-01,6.897176470588235
Marib City_Marib,2019-01-01,13.497764705882354
Marib City_Marib,2019-02-01,13.609205882352942
Marib City_Marib,2019-03-01,13.924482352941176
Marib City_Marib,2019-04-01,14.886535294117648
Marib City_Marib,2019-05-01,15.226711764705883
Marib City_Marib,2019-06-01,8.061111764705883
Marib City_Marib,2019-07-01,19.60076470588235
Marib City_Marib,2019-08-01,21.310111764705884
Marib City_Marib,2019-09-01,9.45535882352941
Marib City_Marib,2019-10-01,22.42854705882353
Marib City_Marib,2019-11-01,18.447582352941176
Marib City_Marib,2019-12-01,7.250835294117647
Marib City_Marib,2020-01-01,21.084429411764706
Marib City_Marib,2020-02-01,8.350570588235295
Marib City_Marib,2020-03-01,8.37339411764706
Marib City_Marib,2020-04-01,22.366970588235294
Marib City_Marib,2020-05-01,23.607405882352943
Marib City_Marib,2020-06-01,23.65683529411765
Marib City_Marib,2020-07-01,33.24014117647059
Marib City_Marib,2020-08-01,8.339435294117648
Marib City_Marib,2020-09-01,27.816417647058824
Marib City_Marib,2020-10-01,3.0885000000000002
Marib City_Marib,2020-11-01,0.8447374999999999
Marib City_Marib,2020-12-01,2.98621875
Marib City_Marib,2021-01-01,2.98996875
Marib City_Marib,2021-02-01,3.155975
Marib City_Marib,2021-03-01,3.315525
Marib City_Marib,2021-04-01,3.3759875
Marib City_Marib,2021-05-01,0.90260625
Marib City_Marib,2021-06-01,3.480975
Marib City_Marib,2021-07-01,3.59856875
Marib City_Marib,2021-08-01,0.956775
Marib City_Marib,2021-09-01,4.19588125
Marib City_Marib,2021-10-01,4.7813437500000004
Marib City_Marib,2021-11-01,5.8675
Marib City_Marib,2021-12-01,5.4693249999999995
Marib City_Marib,2022-01-01,1.1358375
Marib City_Marib,2022-02-01,4.77611875
Marib City_Marib,2022-03-01,5.867999999999999
Marib City_Marib,2022-04-01,5.60806
Marib City_Marib,2022-05-01,1.4296133333333332
Marib City_Marib,2022-06-01,5.908486666666667
Marib City_Marib,2022-07-01,6.193306666666667
Marib City_Marib,2022-08-01,6.394113333333333
Marib City_Marib,2022-09-01,6.5207999999999995
Marib City_Marib,2022-10-01,1.4076266666666666
Marib City_Marib,2022-11-01,5.907579999999999
Marib City_Marib,2022-12-01,5.80826
Marib City_Marib,2023-01-01,1.2108133333333333
Marib City_Marib,2023-02-01,5.913873333333333
Marib City_Marib,2023-03-01,5.66392
Marib City_Marib,2023-04-01,1.1443266666666667
Marib City_Marib,2023-05-01,5.902793333333333
Marib City_Marib,2023-06-01,6.391646666666667
Marib City_Marib,2023-07-01,1.1798866666666668
Marib City_Marib,2023-08-01,6.537913333333333
Marib City_Marib,2023-09-01,6.509473333333333
Marib City_Marib,2023-10-01,1.0787466666666667
Marib City_Marib,2023-11-01,6.447326666666667
Marib City_Marib,2023-12-01,6.89682
Marib City_Marib,2024-01-01,7.175526666666667
Marib City_Marib,2024-02-01,6.6741399999999995
Marib City_Marib,2024-03-01,6.661333333333333
Marib City_Marib,2024-04-01,6.88878
Marib City_Marib,2024-05-01,7.311693333333333
Marib City_Marib,2024-06-01,1.1592266666666666
Marib City_Marib,2024-07-01,8.238773333333333
Mukalla City_Hadramaut,2015-02-01,0.7721
Mukalla City_Hadramaut,2015-03-01,0.7721
Mukalla City_Hadramaut,2015-04-01,0.8139800000000001
Mukalla City_Hadramaut,2015-05-01,0.8477
Mukalla City_Hadramaut,2015-06-01,1.20296
Mukalla City_Hadramaut,2015-07-01,1.04082
Mukalla City_Hadramaut,2015-08-01,1.0099
Mukalla City_Hadramaut,2015-09-01,1.2394
Mukalla City_Hadramaut,2015-10-01,1.4285
Mukalla City_Hadramaut,2015-11-01,1.31266
Mukalla City_Hadramaut,2015-12-01,1.16154
Mukalla City_Hadramaut,2016-01-01,0.94018
Mukalla City_Hadramaut,2016-02-01,0.9858
Mukalla City_Hadramaut,2016-03-01,0.9124599999999999
Mukalla City_Hadramaut,2016-04-01,0.7369399999999999
Mukalla City_Hadramaut,2016-05-01,0.70552
Mukalla City_Hadramaut,2016-06-01,10.08786875
Mukalla City_Hadramaut,2016-07-01,8.189076470588235
Mukalla City_Hadramaut,2016-08-01,8.435911764705883
Mukalla City_Hadramaut,2016-09-01,11.161358823529413
Mukalla City_Hadramaut,2016-10-01,8.63360588235294
Mukalla City_Hadramaut,2016-11-01,11.048976470588237
Mukalla City_Hadramaut,2016-12-01,11.449647058823528
Mukalla City_Hadramaut,2017-01-01,9.261541176470587
Mukalla City_Hadramaut,2017-02-01,11.504464705882354
Mukalla City_Hadramaut,2017-03-01,11.314376470588236
Mukalla City_Hadramaut,2017-04-01,8.01780588235294
Mukalla City_Hadramaut,2017-05-01,13.744135294117646
Mukalla City_Hadramaut,2017-06-01,13.99541176470588
Mukalla City_Hadramaut,2017-07-01,12.445523529411764
Mukalla City_Hadramaut,2017-08-01,17.98077058823529
Mukalla City_Hadramaut,2017-09-01,18.029958823529412
Mukalla City_Hadramaut,2017-10-01,11.866270588235293
Mukalla City_Hadramaut,2017-11-01,18.802129411764703
Mukalla City_Hadramaut,2017-12-01,19.001764705882355
Mukalla City_Hadramaut,2018-01-01,14.55908823529412
Mukalla City_Hadramaut,2018-02-01,19.196570588235293
Mukalla City_Hadramaut,2018-03-01,15.743947058823531
Mukalla City_Hadramaut,2018-04-01,8.790264705882354
Mukalla City_Hadramaut,2018-05-01,19.281958823529415
Mukalla City_Hadramaut,2018-06-01,20.55264705882353
Mukalla City_Hadramaut,2018-07-01,10.382217647058823
Mukalla City_Hadramaut,2018-08-01,20.567647058823532
Mukalla City_Hadramaut,2018-09-01,8.039629411764706
Mukalla City_Hadramaut,2018-10-01,21.021935294117647
Mukalla City_Hadramaut,2018-11-01,20.991923529411764
Mukalla City_Hadramaut,2018-12-01,10.23985882352941
Mukalla City_Hadramaut,2019-01-01,20.79804117647059
Mukalla City_Hadramaut,2019-02-01,21.393811764705884
Mukalla City_Hadramaut,2019-03-01,22.005788235294116
Mukalla City_Hadramaut,2019-04-01,21.963629411764707
Mukalla City_Hadramaut,2019-05-01,22.03348823529412
Mukalla City_Hadramaut,2019-06-01,9.748035294117647
Mukalla City_Hadramaut,2019-07-01,22.03996470588235
Mukalla City_Hadramaut,2019-08-01,22.366382352941176
Mukalla City_Hadramaut,2019-09-01,9.133129411764706
Mukalla City_Hadramaut,2019-10-01,22.435623529411764
Mukalla City_Hadramaut,2019-11-01,22.401817647058824
Mukalla City_Hadramaut,2019-12-01,9.190523529411765
Mukalla City_Hadramaut,2020-01-01,22.309129411764708
Mukalla City_Hadramaut,2020-02-01,8.484923529411766
Mukalla City_Hadramaut,2020-03-01,8.38205294117647
Mukalla City_Hadramaut,2020-04-01,17.404664705882357
Mukalla City_Hadramaut,2020-05-01,17.441982352941174
Mukalla City_Hadramaut,2020-06-01,17.478517647058823
Mukalla City_Hadramaut,2020-07-01,22.631535294117647
Mukalla City_Hadramaut,2020-08-01,7.202805882352941
Mukalla City_Hadramaut,2020-09-01,22.94955882352941
Mukalla City_Hadramaut,2020-10-01,3.32730625
Mukalla City_Hadramaut,2020-11-01,0.9124062500000001
Mukalla City_Hadramaut,2020-12-01,3.1645874999999997
Mukalla City_Hadramaut,2021-01-01,3.03051875
Mukalla City_Hadramaut,2021-02-01,3.31213125
Mukalla City_Hadramaut,2021-03-01,3.600925
Mukalla City_Hadramaut,2021-04-01,3.6326750000000003
Mukalla City_Hadramaut,2021-05-01,1.0075687500000001
Mukalla City_Hadramaut,2021-06-01,3.8052625
Mukalla City_Hadramaut,2021-07-01,4.07365625
Mukalla City_Hadramaut,2021-08-01,1.0829125
Mukalla City_Hadramaut,2021-09-01,4.48145625
Mukalla City_Hadramaut,2021-10-01,5.0423125
Mukalla City_Hadramaut,2021-11-01,6.0445
Mukalla City_Hadramaut,2021-12-01,5.8381625
Mukalla City_Hadramaut,2022-01-01,1.20215
Mukalla City_Hadramaut,2022-02-01,5.197175
Mukalla City_Hadramaut,2022-03-01,6.12075
Mukalla City_Hadramaut,2022-04-01,5.8034375
Mukalla City_Hadramaut,2022-05-01,1.42723125
Mukalla City_Hadramaut,2022-06-01,6.0279125
Mukalla City_Hadramaut,2022-07-01,6.3892125
Mukalla City_Hadramaut,2022-08-01,6.42325625
Mukalla City_Hadramaut,2022-09-01,6.42118125
Mukalla City_Hadramaut,2022-10-01,1.39089375
Mukalla City_Hadramaut,2022-11-01,6.126225
Mukalla City_Hadramaut,2022-12-01,6.000125
Mukalla City_Hadramaut,2023-01-01,1.2393812499999999
Mukalla City_Hadramaut,2023-02-01,6.05090625
Mukalla City_Hadramaut,2023-03-01,6.04139375
Mukalla City_Hadramaut,2023-04-01,1.2306625
Mukalla City_Hadramaut,2023-05-01,6.2591624999999995
Mukalla City_Hadramaut,2023-06-01,6.4945312500000005
Mukalla City_Hadramaut,2023-07-01,1.2056
Mukalla City_Hadramaut,2023-08-01,6.7164375
Mukalla City_Hadramaut,2023-09-01,6.864125
Mukalla City_Hadramaut,2023-10-01,1.1959187500000001
Mukalla City_Hadramaut,2023-11-01,7.16869375
Mukalla City_Hadramaut,2023-12-01,7.21436875
Mukalla City_Hadramaut,2024-01-01,7.00108125
Mukalla City_Hadramaut,2024-02-01,7.32509375
Mukalla City_Hadramaut,2024-03-01,7.0690687500000005
Mukalla City_Hadramaut,2024-04-01,7.13890625
Mukalla City_Hadramaut,2024-05-01,7.15140625
Mukalla City_Hadramaut,2024-06-01,1.1064875
Mukalla City_Hadramaut,2024-07-01,8.015437499999999
Sana'a City_Amanat Al Asimah,2015-01-01,1.0166733333333333
Sana'a City_Amanat Al Asimah,2015-02-01,0.9581466666666666
Sana'a City_Amanat Al Asimah,2015-03-01,1.0372
Sana'a City_Amanat Al Asimah,2015-04-01,1.3255733333333335
Sana'a City_Amanat Al Asimah,2015-05-01,1.2384111111111111
Sana'a City_Amanat Al Asimah,2015-06-01,1.3702666666666667
Sana'a City_Amanat Al Asimah,2015-07-01,1.2013444444444443
Sana'a City_Amanat Al Asimah,2015-08-01,1.2758222222222222
Sana'a City_Amanat Al Asimah,2015-09-01,1.6011444444444445
Sana'a City_Amanat Al Asimah,2015-10-01,1.7310555555555556
Sana'a City_Amanat Al Asimah,2015-11-01,1.5614555555555556
Sana'a City_Amanat Al Asimah,2015-12-01,1.415988888888889
Sana'a City_Amanat Al Asimah,2016-01-01,1.2905222222222221
Sana'a City_Amanat Al Asimah,2016-02-01,1.1837666666666666
Sana'a City_Amanat Al Asimah,2016-03-01,1.2471666666666665
Sana'a City_Amanat Al Asimah,2016-04-01,1.0411555555555556
Sana'a City_Amanat Al Asimah,2016-05-01,1.1070222222222224
Sana'a City_Amanat Al Asimah,2016-06-01,12.32675625
Sana'a City_Amanat Al Asimah,2016-07-01,11.420188235294118
Sana'a City_Amanat Al Asimah,2016-08-01,10.765741176470588
Sana'a City_Amanat Al Asimah,2016-09-01,10.95476470588235
Sana'a City_Amanat Al Asimah,2016-10-01,9.150441176470588
Sana'a City_Amanat Al Asimah,2016-11-01,10.5404
Sana'a City_Amanat Al Asimah,2016-12-01,9.813411764705883
Sana'a City_Amanat Al Asimah,2017-01-01,7.734229411764706
Sana'a City_Amanat Al Asimah,2017-02-01,9.619976470588236
Sana'a City_Amanat Al Asimah,2017-03-01,9.444264705882352
Sana'a City_Amanat Al Asimah,2017-04-01,6.803052941176469
Sana'a City_Amanat Al Asimah,2017-05-01,11.820682352941176
Sana'a City_Amanat Al Asimah,2017-06-01,11.369958823529412
Sana'a City_Amanat Al Asimah,2017-07-01,7.055470588235294
Sana'a City_Amanat Al Asimah,2017-08-01,10.32865294117647
Sana'a City_Amanat Al Asimah,2017-09-01,10.523282352941175
Sana'a City_Amanat Al Asimah,2017-10-01,7.031629411764706
Sana'a City_Amanat Al Asimah,2017-11-01,10.831976470588234
Sana'a City_Amanat Al Asimah,2017-12-01,10.508529411764707
Sana'a City_Amanat Al Asimah,2018-01-01,9.604276470588236
Sana'a City_Amanat Al Asimah,2018-02-01,11.051505882352942
Sana'a City_Amanat Al Asimah,2018-03-01,9.018017647058823
Sana'a City_Amanat Al Asimah,2018-04-01,4.794994117647058
Sana'a City_Amanat Al Asimah,2018-05-01,10.487882352941176
Sana'a City_Amanat Al Asimah,2018-06-01,11.077376470588236
Sana'a City_Amanat Al Asimah,2018-07-01,5.694523529411764
Sana'a City_Amanat Al Asimah,2018-08-01,13.795688235294117
Sana'a City_Amanat Al Asimah,2018-09-01,6.504341176470588
Sana'a City_Amanat Al Asimah,2018-10-01,16.81819411764706
Sana'a City_Amanat Al Asimah,2018-11-01,11.899458823529413
Sana'a City_Amanat Al Asimah,2018-12-01,5.708317647058823
Sana'a City_Amanat Al Asimah,2019-01-01,11.288929411764705
Sana'a City_Amanat Al Asimah,2019-02-01,11.545182352941177
Sana'a City_Amanat Al Asimah,2019-03-01,11.626217647058823
Sana'a City_Amanat Al Asimah,2019-04-01,11.65949411764706
Sana'a City_Amanat Al Asimah,2019-05-01,11.62919411764706
Sana'a City_Amanat Al Asimah,2019-06-01,5.107170588235294
Sana'a City_Amanat Al Asimah,2019-07-01,11.6392
Sana'a City_Amanat Al Asimah,2019-08-01,16.703723529411764
Sana'a City_Amanat Al Asimah,2019-09-01,5.367470588235295
Sana'a City_Amanat Al Asimah,2019-10-01,12.29001176470588
Sana'a City_Amanat Al Asimah,2019-11-01,11.812429411764706
Sana'a City_Amanat Al Asimah,2019-12-01,4.865511764705882
Sana'a City_Amanat Al Asimah,2020-01-01,11.870076470588236
Sana'a City_Amanat Al Asimah,2020-02-01,4.500364705882354
Sana'a City_Amanat Al Asimah,2020-03-01,4.4888941176470585
Sana'a City_Amanat Al Asimah,2020-04-01,11.960511764705883
Sana'a City_Amanat Al Asimah,2020-05-01,12.812458823529411
Sana'a City_Amanat Al Asimah,2020-06-01,12.839299999999998
Sana'a City_Amanat Al Asimah,2020-07-01,21.0502
Sana'a City_Amanat Al Asimah,2020-08-01,7.347352941176471
Sana'a City_Amanat Al Asimah,2020-09-01,21.62908235294118
Sana'a City_Amanat Al Asimah,2020-10-01,3.00558125
Sana'a City_Amanat Al Asimah,2020-11-01,0.8523624999999999
Sana'a City_Amanat Al Asimah,2020-12-01,2.773375
Sana'a City_Amanat Al Asimah,2021-01-01,2.84800625
Sana'a City_Amanat Al Asimah,2021-02-01,2.9606125000000003
Sana'a City_Amanat Al Asimah,2021-03-01,3.2529375000000003
Sana'a City_Amanat Al Asimah,2021-04-01,3.2460625
Sana'a City_Amanat Al Asimah,2021-05-01,0.88256875
Sana'a City_Amanat Al Asimah,2021-06-01,3.2357875000000003
Sana'a City_Amanat Al Asimah,2021-07-01,3.20286875
Sana'a City_Amanat Al Asimah,2021-08-01,0.83371875
Sana'a City_Amanat Al Asimah,2021-09-01,3.18836875
Sana'a City_Amanat Al Asimah,2021-10-01,3.10748125
Sana'a City_Amanat Al Asimah,2021-11-01,3.2065
Sana'a City_Amanat Al Asimah,2021-12-01,3.37318125
Sana'a City_Amanat Al Asimah,2022-01-01,1.0042733333333334
Sana'a City_Amanat Al Asimah,2022-02-01,3.98254
Sana'a City_Amanat Al Asimah,2022-03-01,3.9587499999999998
Sana'a City_Amanat Al Asimah,2022-04-01,3.94864375
Sana'a City_Amanat Al Asimah,2022-05-01,0.99329375
Sana'a City_Amanat Al Asimah,2022-06-01,4.1383125
Sana'a City_Amanat Al Asimah,2022-07-01,4.1280625
Sana'a City_Amanat Al Asimah,2022-08-01,4.1609125
Sana'a City_Amanat Al Asimah,2022-09-01,3.90040625
Sana'a City_Amanat Al Asimah,2022-10-01,0.83184375
Sana'a City_Amanat Al Asimah,2022-11-01,3.6349750000000003
Sana'a City_Amanat Al Asimah,2022-12-01,3.59979375
Sana'a City_Amanat Al Asimah,2023-01-01,0.7932374999999999
Sana'a City_Amanat Al Asimah,2023-02-01,3.5640375
Sana'a City_Amanat Al Asimah,2023-03-01,3.55724375
Sana'a City_Amanat Al Asimah,2023-04-01,0.6957312499999999
Sana'a City_Amanat Al Asimah,2023-05-01,3.53036875
Sana'a City_Amanat Al Asimah,2023-06-01,3.6075
Sana'a City_Amanat Al Asimah,2023-07-01,0.64128125
Sana'a City_Amanat Al Asimah,2023-08-01,3.5712125
Sana'a City_Amanat Al Asimah,2023-09-01,3.52145625
Sana'a City_Amanat Al Asimah,2023-10-01,0.60295625
Sana'a City_Amanat Al Asimah,2023-11-01,3.5415375
Sana'a City_Amanat Al Asimah,2023-12-01,3.6281875
Sana'a City_Amanat Al Asimah,2024-01-01,3.74244375
Sana'a City_Amanat Al Asimah,2024-02-01,3.5527937499999998
Sana'a City_Amanat Al Asimah,2024-03-01,3.7860625
Sana'a City_Amanat Al Asimah,2024-04-01,3.7165624999999998
Sana'a City_Amanat Al Asimah,2024-05-01,3.6698874999999997
Sayoun City_Hadramaut,2016-06-01,9.979906249999999
Sayoun City_Hadramaut,2016-07-01,8.704582352941177
Sayoun City_Hadramaut,2016-08-01,8.438035294117647
Sayoun City_Hadramaut,2016-09-01,11.746582352941179
Sayoun City_Hadramaut,2016-10-01,9.043217647058825
Sayoun City_Hadramaut,2016-11-01,11.048976470588237
Sayoun City_Hadramaut,2016-12-01,11.450117647058823
Sayoun City_Hadramaut,2017-01-01,9.260011764705881
Sayoun City_Hadramaut,2017-02-01,11.477382352941177
Sayoun City_Hadramaut,2017-03-01,11.314376470588236
Sayoun City_Hadramaut,2017-04-01,8.01780588235294
Sayoun City_Hadramaut,2017-05-01,10.071570588235295
Sayoun City_Hadramaut,2017-06-01,10.724605882352941
Sayoun City_Hadramaut,2017-07-01,11.629935294117645
Sayoun City_Hadramaut,2017-08-01,17.98077058823529
Sayoun City_Hadramaut,2017-09-01,18.029958823529412
Sayoun City_Hadramaut,2017-10-01,11.86650588235294
Sayoun City_Hadramaut,2017-11-01,18.81244705882353
Sayoun City_Hadramaut,2017-12-01,19.00294117647059
Sayoun City_Hadramaut,2018-01-01,11.040452941176468
Sayoun City_Hadramaut,2018-02-01,19.196570588235293
Sayoun City_Hadramaut,2018-03-01,11.035300000000001
Sayoun City_Hadramaut,2018-04-01,5.308611764705883
Sayoun City_Hadramaut,2018-05-01,13.626929411764706
Sayoun City_Hadramaut,2018-06-01,16.543682352941175
Sayoun City_Hadramaut,2018-07-01,9.863311764705882
Sayoun City_Hadramaut,2018-08-01,20.124911764705885
Sayoun City_Hadramaut,2018-09-01,8.071323529411766
Sayoun City_Hadramaut,2018-10-01,21.26114705882353
Sayoun City_Hadramaut,2018-11-01,15.011006250000001
Sayoun City_Hadramaut,2018-12-01,7.542437499999999
Sayoun City_Hadramaut,2019-01-01,14.920806250000002
Sayoun City_Hadramaut,2019-02-01,12.3624125
Sayoun City_Hadramaut,2019-03-01,15.8212875
Sayoun City_Hadramaut,2019-04-01,9.580087500000001
Sayoun City_Hadramaut,2019-05-01,17.043512500000002
Sayoun City_Hadramaut,2019-06-01,7.2792
Sayoun City_Hadramaut,2019-07-01,12.8561875
Sayoun City_Hadramaut,2019-08-01,16.75135
Sayoun City_Hadramaut,2019-09-01,6.376025
Sayoun City_Hadramaut,2019-10-01,16.4758375
Sayoun City_Hadramaut,2019-11-01,16.0348125
Sayoun City_Hadramaut,2019-12-01,6.917362499999999
Sayoun City_Hadramaut,2020-01-01,16.818043749999998
Sayoun City_Hadramaut,2020-02-01,6.66189375
Sayoun City_Hadramaut,2020-03-01,7.05225
Sayoun City_Hadramaut,2020-04-01,18.7791375
Sayoun City_Hadramaut,2020-05-01,20.7011625
Sayoun City_Hadramaut,2020-06-01,20.74450625
Sayoun City_Hadramaut,2020-07-01,18.0889375
Sayoun City_Hadramaut,2020-08-01,7.403025
Sayoun City_Hadramaut,2020-09-01,24.1376
Sayoun City_Hadramaut,2020-10-01,3.19514
Sayoun City_Hadramaut,2020-11-01,0.9084199999999999
Sayoun City_Hadramaut,2020-12-01,3.1529200000000004
Sayoun City_Hadramaut,2021-01-01,3.0159333333333334
Sayoun City_Hadramaut,2021-02-01,3.18732
Sayoun City_Hadramaut,2021-03-01,3.4263066666666666
Sayoun City_Hadramaut,2021-04-01,3.54508
Sayoun City_Hadramaut,2021-05-01,1.0251533333333334
Sayoun City_Hadramaut,2021-06-01,3.860066666666667
Sayoun City_Hadramaut,2021-07-01,4.76218
Sayoun City_Hadramaut,2021-08-01,1.2373666666666667
Sayoun City_Hadramaut,2021-09-01,4.8107
Sayoun City_Hadramaut,2021-10-01,5.431186666666666
Sayoun City_Hadramaut,2021-11-01,6.428533333333333
Sayoun City_Hadramaut,2021-12-01,7.501773333333333
Sayoun City_Hadramaut,2022-01-01,1.7209400000000001
Sayoun City_Hadramaut,2022-02-01,5.729193333333333
Sayoun City_Hadramaut,2022-03-01,7.197866666666667
Sayoun City_Hadramaut,2022-04-01,7.656053333333333
Sayoun City_Hadramaut,2022-05-01,2.0291533333333334
Sayoun City_Hadramaut,2022-06-01,7.776873333333333
Sayoun City_Hadramaut,2022-07-01,8.686746666666666
Sayoun City_Hadramaut,2022-08-01,8.074946666666667
Sayoun City_Hadramaut,2022-09-01,8.689593333333333
Sayoun City_Hadramaut,2022-10-01,1.7244133333333336
Sayoun City_Hadramaut,2022-11-01,7.215306666666667
Sayoun City_Hadramaut,2022-12-01,4.807026666666667
Sayoun City_Hadramaut,2023-01-01,1.4973400000000001
Sayoun City_Hadramaut,2023-02-01,7.60938
Sayoun City_Hadramaut,2023-03-01,8.136266666666666
Sayoun City_Hadramaut,2023-04-01,1.4199866666666667
Sayoun City_Hadramaut,2023-05-01,7.49074
Sayoun City_Hadramaut,2023-06-01,6.800246666666666
Sayoun City_Hadramaut,2023-07-01,1.1949266666666667
Sayoun City_Hadramaut,2023-08-01,6.66668
Sayoun City_Hadramaut,2023-09-01,6.87636
Sayoun City_Hadramaut,2023-10-01,1.1965666666666666
Sayoun City_Hadramaut,2023-11-01,7.2518
Sayoun City_Hadramaut,2023-12-01,7.370760000000001
Sayoun City_Hadramaut,2024-01-01,7.310486666666666
Sayoun City_Hadramaut,2024-02-01,7.615799999999999
Sayoun City_Hadramaut,2024-03-01,7.479813333333333
Sayoun City_Hadramaut,2024-04-01,7.687925
Sayoun City_Hadramaut,2024-05-01,7.7983375
Sayoun City_Hadramaut,2024-06-01,1.2210625
Sayoun City_Hadramaut,2024-07-01,8.813225000000001
Soqatra (Hudaibo)_Socotra,2016-06-01,4.60875625
Soqatra (Hudaibo)_Socotra,2016-07-01,4.356675
Soqatra (Hudaibo)_Socotra,2016-08-01,4.710500000000001
Soqatra (Hudaibo)_Socotra,2016-09-01,5.745411764705882
Soqatra (Hudaibo)_Socotra,2016-10-01,4.894970588235294
Soqatra (Hudaibo)_Socotra,2016-11-01,5.782417647058824
Soqatra (Hudaibo)_Socotra,2016-12-01,5.5138823529411765
Soqatra (Hudaibo)_Socotra,2017-01-01,4.424741176470588
Soqatra (Hudaibo)_Socotra,2017-02-01,5.014900000000001
Soqatra (Hudaibo)_Socotra,2017-03-01,4.672905882352942
Soqatra (Hudaibo)_Socotra,2017-04-01,3.318235294117647
Soqatra (Hudaibo)_Socotra,2017-05-01,11.834852941176468
Soqatra (Hudaibo)_Socotra,2017-06-01,16.195023529411767
Soqatra (Hudaibo)_Socotra,2017-07-01,3.8218294117647065
Soqatra (Hudaibo)_Socotra,2017-08-01,5.34129411764706
Soqatra (Hudaibo)_Socotra,2017-09-01,5.200088235294118
Soqatra (Hudaibo)_Socotra,2017-10-01,3.428258823529412
Soqatra (Hudaibo)_Socotra,2017-11-01,5.212970588235294
Soqatra (Hudaibo)_Socotra,2017-12-01,5.96235294117647
Soqatra (Hudaibo)_Socotra,2018-01-01,6.025329411764706
Soqatra (Hudaibo)_Socotra,2018-02-01,5.984241176470588
Soqatra (Hudaibo)_Socotra,2018-03-01,19.25652941176471
Soqatra (Hudaibo)_Socotra,2018-04-01,7.767299999999999
Soqatra (Hudaibo)_Socotra,2018-05-01,6.306394117647059
Soqatra (Hudaibo)_Socotra,2018-06-01,6.442882352941176
Soqatra (Hudaibo)_Socotra,2018-07-01,3.2343117647058826
Soqatra (Hudaibo)_Socotra,2018-08-01,6.557794117647059
Soqatra (Hudaibo)_Socotra,2018-09-01,3.3397714285714284
Soqatra (Hudaibo)_Socotra,2018-10-01,11.745864705882354
Soqatra (Hudaibo)_Socotra,2018-11-01,10.88841875
Soqatra (Hudaibo)_Socotra,2018-12-01,4.863175
Soqatra (Hudaibo)_Socotra,2019-01-01,7.660575
Soqatra (Hudaibo)_Socotra,2019-02-01,10.880212499999999
Soqatra (Hudaibo)_Socotra,2019-03-01,11.2499375
Soqatra (Hudaibo)_Socotra,2019-04-01,11.12661875
Soqatra (Hudaibo)_Socotra,2019-05-01,10.252025
Soqatra (Hudaibo)_Socotra,2019-06-01,4.5359375
Soqatra (Hudaibo)_Socotra,2019-07-01,12.287624999999998
Soqatra (Hudaibo)_Socotra,2019-08-01,16.895253333333336
Soqatra (Hudaibo)_Socotra,2019-09-01,6.304371428571429
Soqatra (Hudaibo)_Socotra,2019-10-01,15.129121428571427
Soqatra (Hudaibo)_Socotra,2019-11-01,12.85005714285714
Soqatra (Hudaibo)_Socotra,2019-12-01,6.383542857142857
Soqatra (Hudaibo)_Socotra,2020-01-01,15.4585
Soqatra (Hudaibo)_Socotra,2020-02-01,6.428271428571428
Soqatra (Hudaibo)_Socotra,2020-03-01,6.3132375000000005
Soqatra (Hudaibo)_Socotra,2020-04-01,15.796375000000001
Soqatra (Hudaibo)_Socotra,2020-05-01,14.7717
Soqatra (Hudaibo)_Socotra,2020-06-01,14.80263125
Soqatra (Hudaibo)_Socotra,2020-07-01,14.1531125
Soqatra (Hudaibo)_Socotra,2020-08-01,5.4378312499999995
Soqatra (Hudaibo)_Socotra,2020-09-01,17.671975
Soqatra (Hudaibo)_Socotra,2020-10-01,3.8076875
Soqatra (Hudaibo)_Socotra,2020-11-01,1.441986666666667
Soqatra (Hudaibo)_Socotra,2020-12-01,5.058306666666667
Soqatra (Hudaibo)_Socotra,2021-01-01,5.262653333333334
Soqatra (Hudaibo)_Socotra,2021-02-01,5.063946666666666
Soqatra (Hudaibo)_Socotra,2021-03-01,5.36112
Soqatra (Hudaibo)_Socotra,2021-04-01,5.667713333333333
Soqatra (Hudaibo)_Socotra,2021-05-01,1.6314428571428572
Soqatra (Hudaibo)_Socotra,2021-06-01,7.453345454545455
Soqatra (Hudaibo)_Socotra,2021-07-01,7.105915384615384
Soqatra (Hudaibo)_Socotra,2021-08-01,2.299909090909091
Soqatra (Hudaibo)_Socotra,2021-09-01,8.540408333333334
Soqatra (Hudaibo)_Socotra,2021-10-01,9.447690909090909
Soqatra (Hudaibo)_Socotra,2021-11-01,10.41309090909091
Soqatra (Hudaibo)_Socotra,2021-12-01,9.872308333333333
Soqatra (Hudaibo)_Socotra,2022-01-01,2.5676909090909095
Soqatra (Hudaibo)_Socotra,2022-02-01,9.901792307692308
Soqatra (Hudaibo)_Socotra,2022-03-01,9.856923076923076
Soqatra (Hudaibo)_Socotra,2022-04-01,9.799999999999999
Soqatra (Hudaibo)_Socotra,2022-05-01,2.4970923076923075
Soqatra (Hudaibo)_Socotra,2022-06-01,10.439723076923077
Soqatra (Hudaibo)_Socotra,2022-07-01,11.909766666666668
Soqatra (Hudaibo)_Socotra,2022-08-01,11.734776923076923
Soqatra (Hudaibo)_Socotra,2022-09-01,10.652675
Soqatra (Hudaibo)_Socotra,2022-10-01,2.4319
Soqatra (Hudaibo)_Socotra,2022-11-01,9.8603
Soqatra (Hudaibo)_Socotra,2022-12-01,9.788958333333333
Soqatra (Hudaibo)_Socotra,2023-01-01,2.0902249999999998
Soqatra (Hudaibo)_Socotra,2023-02-01,10.438341666666666
Soqatra (Hudaibo)_Socotra,2023-03-01,10.74365
Soqatra (Hudaibo)_Socotra,2023-04-01,2.1918266666666666
Soqatra (Hudaibo)_Socotra,2023-05-01,10.423646153846153
Soqatra (Hudaibo)_Socotra,2023-06-01,11.082774999999998
Soqatra (Hudaibo)_Socotra,2023-07-01,2.245975
Soqatra (Hudaibo)_Socotra,2023-08-01,12.551516666666666
Soqatra (Hudaibo)_Socotra,2023-09-01,11.8578
Soqatra (Hudaibo)_Socotra,2023-10-01,1.96415
Soqatra (Hudaibo)_Socotra,2023-11-01,12.000958333333335
Soqatra (Hudaibo)_Socotra,2023-12-01,12.471030769230769
Soqatra (Hudaibo)_Socotra,2024-01-01,12.1553
Soqatra (Hudaibo)_Socotra,2024-02-01,12.093284615384615
Soqatra (Hudaibo)_Socotra,2024-03-01,12.601015384615383
Soqatra (Hudaibo)_Socotra,2024-04-01,12.13173846153846
Soqatra (Hudaibo)_Socotra,2024-05-01,12.154823076923076
Soqatra (Hudaibo)_Socotra,2024-06-01,1.8326923076923076
Soqatra (Hudaibo)_Socotra,2024-07-01,11.431684615384615
Taiz City_Taizz,2016-06-01,10.595775
Taiz City_Taizz,2016-07-01,10.641764705882352
Taiz City_Taizz,2016-08-01,11.226711764705883
Taiz City_Taizz,2016-09-01,11.017582352941176
Taiz City_Taizz,2016-10-01,8.968882352941177
Taiz City_Taizz,2016-11-01,10.492558823529412
Taiz City_Taizz,2016-12-01,9.360941176470588
Taiz City_Taizz,2017-01-01,8.514476470588235
Taiz City_Taizz,2017-02-01,10.708599999999999
Taiz City_Taizz,2017-03-01,10.685976470588235
Taiz City_Taizz,2017-04-01,7.241035294117647
Taiz City_Taizz,2017-05-01,10.641835294117648
Taiz City_Taizz,2017-06-01,10.033088235294118
Taiz City_Taizz,2017-07-01,6.883223529411764
Taiz City_Taizz,2017-08-01,10.574588235294117
Taiz City_Taizz,2017-09-01,10.367482352941177
Taiz City_Taizz,2017-10-01,5.438511764705882
Taiz City_Taizz,2017-11-01,8.175958823529413
Taiz City_Taizz,2017-12-01,8.115588235294117
Taiz City_Taizz,2018-01-01,8.460517647058824
Taiz City_Taizz,2018-02-01,8.468988235294118
Taiz City_Taizz,2018-03-01,8.412782352941177
Taiz City_Taizz,2018-04-01,4.4222117647058825
Taiz City_Taizz,2018-05-01,9.63775294117647
Taiz City_Taizz,2018-06-01,10.62719411764706
Taiz City_Taizz,2018-07-01,5.431405882352941
Taiz City_Taizz,2018-08-01,11.689982352941177
Taiz City_Taizz,2018-09-01,4.7102
Taiz City_Taizz,2018-10-01,12.32874705882353
Taiz City_Taizz,2018-11-01,11.700852941176471
Taiz City_Taizz,2018-12-01,5.618047058823529
Taiz City_Taizz,2019-01-01,11.916523529411764
Taiz City_Taizz,2019-02-01,12.382876470588235
Taiz City_Taizz,2019-03-01,12.119170588235294
Taiz City_Taizz,2019-04-01,12.286917647058825
Taiz City_Taizz,2019-05-01,14.552694117647059
Taiz City_Taizz,2019-06-01,7.010582352941177
Taiz City_Taizz,2019-07-01,17.298564705882352
Taiz City_Taizz,2019-08-01,18.75580588235294
Taiz City_Taizz,2019-09-01,6.622458823529412
Taiz City_Taizz,2019-10-01,16.952776470588237
Taiz City_Taizz,2019-11-01,16.904970588235294
Taiz City_Taizz,2019-12-01,6.917464705882352
Taiz City_Taizz,2020-01-01,19.128282352941174
Taiz City_Taizz,2020-02-01,7.314347058823529
Taiz City_Taizz,2020-03-01,7.19449411764706
Taiz City_Taizz,2020-04-01,19.149199999999997
Taiz City_Taizz,2020-05-01,19.265388235294118
Taiz City_Taizz,2020-06-01,19.305729411764705
Taiz City_Taizz,2020-07-01,23.002288235294117
Taiz City_Taizz,2020-08-01,7.708158823529412
Taiz City_Taizz,2020-09-01,24.41393529411765
Taiz City_Taizz,2020-10-01,3.8076875
Taiz City_Taizz,2020-11-01,1.07000625
Taiz City_Taizz,2020-12-01,3.7509562499999998
Taiz City_Taizz,2021-01-01,3.68953125
Taiz City_Taizz,2021-02-01,3.9152625000000003
Taiz City_Taizz,2021-03-01,4.11706875
Taiz City_Taizz,2021-04-01,4.4981625
Taiz City_Taizz,2021-05-01,1.26488125
Taiz City_Taizz,2021-06-01,4.83080625
Taiz City_Taizz,2021-07-01,4.7788125
Taiz City_Taizz,2021-08-01,1.20224375
Taiz City_Taizz,2021-09-01,5.28456875
Taiz City_Taizz,2021-10-01,6.01595625
Taiz City_Taizz,2021-11-01,6.9025
Taiz City_Taizz,2021-12-01,8.81950625
Taiz City_Taizz,2022-01-01,1.7583
Taiz City_Taizz,2022-02-01,7.6518625
Taiz City_Taizz,2022-03-01,8.494
Taiz City_Taizz,2022-04-01,7.84875
Taiz City_Taizz,2022-05-01,1.9498875
Taiz City_Taizz,2022-06-01,7.91783125
Taiz City_Taizz,2022-07-01,7.9637875000000005
Taiz City_Taizz,2022-08-01,8.18015625
Taiz City_Taizz,2022-09-01,7.04771875
Taiz City_Taizz,2022-10-01,1.5858
Taiz City_Taizz,2022-11-01,7.08466875
Taiz City_Taizz,2022-12-01,6.9119062499999995
Taiz City_Taizz,2023-01-01,1.42915
Taiz City_Taizz,2023-02-01,7.275587499999999
Taiz City_Taizz,2023-03-01,7.026962500000001
Taiz City_Taizz,2023-04-01,1.3969125
Taiz City_Taizz,2023-05-01,7.0614187500000005
Taiz City_Taizz,2023-06-01,7.240825
Taiz City_Taizz,2023-07-01,1.28008125
Taiz City_Taizz,2023-08-01,7.015925
Taiz City_Taizz,2023-09-01,7.12029375
Taiz City_Taizz,2023-10-01,1.2329125
Taiz City_Taizz,2023-11-01,7.165575
Taiz City_Taizz,2023-12-01,7.4809
Taiz City_Taizz,2024-01-01,7.315875
Taiz City_Taizz,2024-02-01,7.2380875
Taiz City_Taizz,2024-03-01,7.1880875
Taiz City_Taizz,2024-04-01,7.3943375
Taiz City_Taizz,2024-05-01,8.4444375
Taiz City_Taizz,2024-06-01,1.05035
Taiz City_Taizz,2024-07-01,7.9319
Zungubar City_Abyan,2016-07-01,10.052612499999999
Zungubar City_Abyan,2016-08-01,8.076711764705882
Zungubar City_Abyan,2016-09-01,8.729170588235295
Zungubar City_Abyan,2016-10-01,6.747435294117647
Zungubar City_Abyan,2016-11-01,7.577058823529412
Zungubar City_Abyan,2016-12-01,7.565882352941177
Zungubar City_Abyan,2017-01-01,6.55564705882353
Zungubar City_Abyan,2017-02-01,8.859688235294117
Zungubar City_Abyan,2017-03-01,8.394982352941176
Zungubar City_Abyan,2017-04-01,6.351264705882353
Zungubar City_Abyan,2017-05-01,9.545464705882354
Zungubar City_Abyan,2017-06-01,9.820876470588233
Zungubar City_Abyan,2017-07-01,6.841782352941176
Zungubar City_Abyan,2017-08-01,9.856564705882352
Zungubar City_Abyan,2017-09-01,10.754158823529412
Zungubar City_Abyan,2017-10-01,6.56424705882353
Zungubar City_Abyan,2017-11-01,10.11925294117647
Zungubar City_Abyan,2017-12-01,9.983529411764707
Zungubar City_Abyan,2018-01-01,10.052311764705882
Zungubar City_Abyan,2018-02-01,10.062370588235295
Zungubar City_Abyan,2018-03-01,10.558941176470586
Zungubar City_Abyan,2018-04-01,3.3824647058823527
Zungubar City_Abyan,2018-05-01,10.723458823529413
Zungubar City_Abyan,2018-06-01,11.051482352941177
Zungubar City_Abyan,2018-07-01,6.288617647058823
Zungubar City_Abyan,2018-08-01,17.176670588235297
Zungubar City_Abyan,2018-09-01,5.502723529411765
Zungubar City_Abyan,2018-10-01,15.058370588235293
Zungubar City_Abyan,2018-11-01,13.999429411764707
Zungubar City_Abyan,2018-12-01,6.775823529411764
Zungubar City_Abyan,2019-01-01,13.704305882352942
Zungubar City_Abyan,2019-02-01,14.668458823529411
Zungubar City_Abyan,2019-03-01,14.997582352941176
Zungubar City_Abyan,2019-04-01,14.970817647058825
Zungubar City_Abyan,2019-05-01,15.276194117647057
Zungubar City_Abyan,2019-06-01,7.431994117647059
Zungubar City_Abyan,2019-07-01,17.59225882352941
Zungubar City_Abyan,2019-08-01,20.681317647058822
Zungubar City_Abyan,2019-09-01,7.615170588235294
Zungubar City_Abyan,2019-10-01,17.99464117647059
Zungubar City_Abyan,2019-11-01,17.568347058823527
Zungubar City_Abyan,2019-12-01,7.248423529411765
Zungubar City_Abyan,2020-01-01,17.595305882352942
Zungubar City_Abyan,2020-02-01,6.683717647058824
Zungubar City_Abyan,2020-03-01,6.623758823529411
Zungubar City_Abyan,2020-04-01,17.600770588235292
Zungubar City_Abyan,2020-05-01,16.029317647058825
Zungubar City_Abyan,2020-06-01,16.06289411764706
Zungubar City_Abyan,2020-07-01,16.267376470588232
Zungubar City_Abyan,2020-08-01,5.972911764705882
Zungubar City_Abyan,2020-09-01,16.981670588235293
Zungubar City_Abyan,2020-10-01,3.18026875
Zungubar City_Abyan,2020-11-01,0.90158125
Zungubar City_Abyan,2020-12-01,3.0055187500000002
Zungubar City_Abyan,2021-01-01,2.92185
Zungubar City_Abyan,2021-02-01,3.13069375
Zungubar City_Abyan,2021-03-01,3.67426875
Zungubar City_Abyan,2021-04-01,3.70600625
Zungubar City_Abyan,2021-05-01,0.9880375
Zungubar City_Abyan,2021-06-01,3.75698125
Zungubar City_Abyan,2021-07-01,3.9179125
Zungubar City_Abyan,2021-08-01,1.02995625
Zungubar City_Abyan,2021-09-01,4.354075
Zungubar City_Abyan,2021-10-01,4.9978750000000005
Zungubar City_Abyan,2021-11-01,5.7645
Zungubar City_Abyan,2021-12-01,5.9043
Zungubar City_Abyan,2022-01-01,1.36110625
Zungubar City_Abyan,2022-02-01,5.6250375
Zungubar City_Abyan,2022-03-01,6.76525
Zungubar City_Abyan,2022-04-01,6.25989375
Zungubar City_Abyan,2022-05-01,1.63031875
Zungubar City_Abyan,2022-06-01,6.7081
Zungubar City_Abyan,2022-07-01,6.8825875
Zungubar City_Abyan,2022-08-01,6.901400000000001
Zungubar City_Abyan,2022-09-01,6.92343125
Zungubar City_Abyan,2022-10-01,1.42165625
Zungubar City_Abyan,2022-11-01,6.3602625
Zungubar City_Abyan,2022-12-01,6.2137
Zungubar City_Abyan,2023-01-01,1.28889375
Zungubar City_Abyan,2023-02-01,6.37905
Zungubar City_Abyan,2023-03-01,6.10368125
Zungubar City_Abyan,2023-04-01,1.21524375
Zungubar City_Abyan,2023-05-01,6.455875
Zungubar City_Abyan,2023-06-01,6.8489812500000005
Zungubar City_Abyan,2023-07-01,1.2477624999999999
Zungubar City_Abyan,2023-08-01,6.91275625
Zungubar City_Abyan,2023-09-01,7.15203125
Zungubar City_Abyan,2023-10-01,1.21560625
Zungubar City_Abyan,2023-11-01,7.26411875
Zungubar City_Abyan,2023-12-01,7.38489375
Zungubar City_Abyan,2024-01-01,7.50989375
Zungubar City_Abyan,2024-02-01,7.5226
Zungubar City_Abyan,2024-03-01,7.56485625
Zungubar City_Abyan,2024-04-01,7.40891875
Zungubar City_Abyan,2024-05-01,8.93280625
Zungubar City_Abyan,2024-06-01,1.19695
Zungubar City_Abyan,2024-07-01,8.40609375
