region_id,date,avg_conflict_intensity
Aden City_Aden,2015-01-01,3.295836866004329
Aden City_Aden,2015-02-01,1.3862943611198906
Aden City_Aden,2015-03-01,1.0986122886681098
Aden City_Aden,2015-04-01,7.939515260662406
Aden City_Aden,2015-05-01,6.956545443151569
Aden City_Aden,2015-06-01,1.791759469228055
Aden City_Aden,2015-07-01,5.7990926544605275
Aden City_Aden,2015-08-01,0.0
Aden City_Aden,2015-09-01,3.6635616461296463
Aden City_Aden,2015-10-01,2.70805020110221
Aden City_Aden,2015-11-01,0.6931471805599453
Aden City_Aden,2015-12-01,1.791759469228055
Aden City_Aden,2016-01-01,4.5217885770490405
Aden City_Aden,2016-02-01,0.0
Aden City_Aden,2016-03-01,0.0
Aden City_Aden,2016-04-01,0.0
Aden City_Aden,2016-05-01,0.6931471805599453
Aden City_Aden,2016-06-01,0.0
Aden City_Aden,2016-07-01,0.0
Aden City_Aden,2016-08-01,0.0
Aden City_Aden,2016-09-01,0.0
Aden City_Aden,2016-10-01,1.791759469228055
Aden City_Aden,2016-11-01,0.6931471805599453
Aden City_Aden,2016-12-01,0.6931471805599453
Aden City_Aden,2017-01-01,0.6931471805599453
Aden City_Aden,2017-02-01,0.0
Aden City_Aden,2017-03-01,0.0
Aden City_Aden,2017-04-01,0.0
Aden City_Aden,2017-05-01,0.0
Aden City_Aden,2017-06-01,0.0
Aden City_Aden,2017-07-01,1.791759469228055
Aden City_Aden,2017-08-01,0.0
Aden City_Aden,2017-09-01,0.0
Aden City_Aden,2017-10-01,0.0
Aden City_Aden,2017-11-01,0.0
Aden City_Aden,2017-12-01,0.0
Aden City_Aden,2018-01-01,0.6931471805599453
Aden City_Aden,2018-02-01,2.1972245773362196
Aden City_Aden,2018-03-01,0.0
Aden City_Aden,2018-04-01,0.6931471805599453
Aden City_Aden,2018-05-01,2.70805020110221
Aden City_Aden,2018-06-01,0.0
Aden City_Aden,2018-07-01,3.58351893845611
Aden City_Aden,2018-08-01,2.772588722239781
Aden City_Aden,2018-09-01,1.0986122886681098
Aden City_Aden,2018-10-01,2.4849066497880004
Aden City_Aden,2018-11-01,0.0
Aden City_Aden,2018-12-01,0.6931471805599453
Aden City_Aden,2019-01-01,1.0986122886681098
Aden City_Aden,2019-02-01,0.0
Aden City_Aden,2019-03-01,3.4965075614664807
Aden City_Aden,2019-04-01,0.6931471805599453
Aden City_Aden,2019-05-01,0.0
Aden City_Aden,2019-06-01,0.0
Aden City_Aden,2019-07-01,0.6931471805599453
Aden City_Aden,2019-08-01,4.276666119016055
Aden City_Aden,2019-09-01,2.70805020110221
Aden City_Aden,2019-10-01,1.6094379124341003
Aden City_Aden,2019-11-01,1.3862943611198906
Aden City_Aden,2019-12-01,1.3862943611198906
Aden City_Aden,2020-01-01,1.3862943611198906
Aden City_Aden,2020-02-01,1.0986122886681098
Aden City_Aden,2020-03-01,1.3862943611198906
Aden City_Aden,2020-04-01,1.791759469228055
Aden City_Aden,2020-05-01,0.6931471805599453
Aden City_Aden,2020-06-01,1.791759469228055
Aden City_Aden,2020-07-01,3.044522437723423
Aden City_Aden,2020-08-01,2.1972245773362196
Aden City_Aden,2020-09-01,0.0
Aden City_Aden,2020-10-01,2.890371757896165
Aden City_Aden,2020-11-01,1.6094379124341003
Aden City_Aden,2020-12-01,1.0986122886681098
Aden City_Aden,2021-01-01,1.0986122886681098
Aden City_Aden,2021-02-01,1.0986122886681098
Aden City_Aden,2021-03-01,0.0
Aden City_Aden,2021-04-01,1.3862943611198906
Aden City_Aden,2021-05-01,0.6931471805599453
Aden City_Aden,2021-06-01,0.6931471805599453
Aden City_Aden,2021-07-01,1.3862943611198906
Aden City_Aden,2021-08-01,1.0986122886681098
Aden City_Aden,2021-09-01,2.1972245773362196
Aden City_Aden,2021-10-01,3.8712010109078907
Aden City_Aden,2021-11-01,1.3862943611198906
Aden City_Aden,2021-12-01,0.0
Aden City_Aden,2022-01-01,1.0986122886681098
Aden City_Aden,2022-02-01,1.0986122886681098
Aden City_Aden,2022-03-01,0.6931471805599453
Aden City_Aden,2022-04-01,1.0986122886681098
Aden City_Aden,2022-05-01,0.6931471805599453
Aden City_Aden,2022-06-01,0.0
Aden City_Aden,2022-07-01,0.0
Aden City_Aden,2022-08-01,0.0
Aden City_Aden,2022-09-01,0.0
Aden City_Aden,2022-10-01,1.3862943611198906
Aden City_Aden,2022-11-01,2.4849066497880004
Aden City_Aden,2022-12-01,0.6931471805599453
Aden City_Aden,2023-01-01,1.6094379124341003
Aden City_Aden,2023-02-01,1.6094379124341003
Aden City_Aden,2023-03-01,0.6931471805599453
Aden City_Aden,2023-04-01,0.0
Aden City_Aden,2023-05-01,0.6931471805599453
Aden City_Aden,2023-06-01,0.6931471805599453
Aden City_Aden,2023-07-01,1.791759469228055
Aden City_Aden,2023-08-01,1.9459101490553132
Aden City_Aden,2023-09-01,1.0986122886681098
Aden City_Aden,2023-10-01,0.0
Aden City_Aden,2023-11-01,1.0986122886681098
Aden City_Aden,2023-12-01,0.6931471805599453
Aden City_Aden,2024-01-01,0.0
Aden City_Aden,2024-02-01,0.6931471805599453
Aden City_Aden,2024-03-01,0.0
Aden City_Aden,2024-04-01,0.6931471805599453
Aden City_Aden,2024-05-01,1.3862943611198906
Aden City_Aden,2024-06-01,0.0
Aden City_Aden,2024-07-01,1.0986122886681098
Al Bayda City_Al Bayda,2015-11-01,1.6094379124341
Al Bayda City_Al Bayda,2015-12-01,1.791759469228055
Al Bayda City_Al Bayda,2016-01-01,2.3025850929940455
Al Bayda City_Al Bayda,2016-02-01,3.044522437723423
Al Bayda City_Al Bayda,2016-03-01,1.0986122886681098
Al Bayda City_Al Bayda,2016-04-01,2.0794415416798357
Al Bayda City_Al Bayda,2016-05-01,4.189654742026425
Al Bayda City_Al Bayda,2016-06-01,3.6635616461296463
Al Bayda City_Al Bayda,2016-07-01,4.0943445622221
Al Bayda City_Al Bayda,2016-08-01,0.6931471805599453
Al Bayda City_Al Bayda,2016-09-01,0.6931471805599453
Al Bayda City_Al Bayda,2016-10-01,4.276666119016055
Al Bayda City_Al Bayda,2016-11-01,4.828313737302301
Al Bayda City_Al Bayda,2016-12-01,1.6094379124341003
Al Bayda City_Al Bayda,2017-01-01,1.0986122886681098
Al Bayda City_Al Bayda,2017-02-01,2.0794415416798357
Al Bayda City_Al Bayda,2017-03-01,3.465735902799726
Al Bayda City_Al Bayda,2017-04-01,0.0
Al Bayda City_Al Bayda,2017-05-01,0.0
Al Bayda City_Al Bayda,2017-06-01,0.0
Al Bayda City_Al Bayda,2017-07-01,0.0
Al Bayda City_Al Bayda,2017-08-01,3.091042453358316
Al Bayda City_Al Bayda,2017-09-01,3.091042453358316
Al Bayda City_Al Bayda,2017-10-01,3.465735902799726
Al Bayda City_Al Bayda,2017-11-01,1.3862943611198906
Al Bayda City_Al Bayda,2017-12-01,3.7841896339182615
Al Bayda City_Al Bayda,2018-01-01,5.60947179518496
Al Bayda City_Al Bayda,2018-02-01,2.70805020110221
Al Bayda City_Al Bayda,2018-03-01,0.0
Al Bayda City_Al Bayda,2018-04-01,6.12029741895095
Al Bayda City_Al Bayda,2018-05-01,0.0
Al Bayda City_Al Bayda,2018-06-01,3.4965075614664807
Al Bayda City_Al Bayda,2018-07-01,0.0
Al Bayda City_Al Bayda,2018-08-01,1.0986122886681098
Al Bayda City_Al Bayda,2018-09-01,3.1780538303479453
Al Bayda City_Al Bayda,2018-10-01,2.8903717578961645
Al Bayda City_Al Bayda,2018-11-01,0.0
Al Bayda City_Al Bayda,2018-12-01,1.0986122886681098
Al Bayda City_Al Bayda,2019-01-01,2.3025850929940455
Al Bayda City_Al Bayda,2019-02-01,3.4965075614664807
Al Bayda City_Al Bayda,2019-03-01,3.7841896339182615
Al Bayda City_Al Bayda,2019-04-01,0.0
Al Bayda City_Al Bayda,2019-05-01,1.3862943611198906
Al Bayda City_Al Bayda,2019-06-01,0.6931471805599453
Al Bayda City_Al Bayda,2019-07-01,0.6931471805599453
Al Bayda City_Al Bayda,2019-08-01,0.0
Al Bayda City_Al Bayda,2019-09-01,0.0
Al Bayda City_Al Bayda,2019-10-01,2.1972245773362196
Al Bayda City_Al Bayda,2019-11-01,0.0
Al Bayda City_Al Bayda,2019-12-01,0.6931471805599453
Al Bayda City_Al Bayda,2020-01-01,0.6931471805599453
Al Bayda City_Al Bayda,2020-02-01,0.0
Al Bayda City_Al Bayda,2020-03-01,0.0
Al Bayda City_Al Bayda,2020-04-01,0.0
Al Bayda City_Al Bayda,2020-05-01,0.6931471805599453
Al Bayda City_Al Bayda,2020-06-01,0.0
Al Bayda City_Al Bayda,2020-07-01,0.0
Al Bayda City_Al Bayda,2020-08-01,3.091042453358316
Al Bayda City_Al Bayda,2020-09-01,2.0794415416798357
Al Bayda City_Al Bayda,2020-10-01,0.0
Al Bayda City_Al Bayda,2020-11-01,1.0986122886681098
Al Bayda City_Al Bayda,2020-12-01,0.6931471805599453
Al Bayda City_Al Bayda,2021-01-01,1.0986122886681098
Al Bayda City_Al Bayda,2021-02-01,1.3862943611198906
Al Bayda City_Al Bayda,2021-03-01,1.0986122886681098
Al Bayda City_Al Bayda,2021-04-01,0.0
Al Bayda City_Al Bayda,2021-05-01,1.791759469228055
Al Bayda City_Al Bayda,2021-06-01,0.0
Al Bayda City_Al Bayda,2021-07-01,3.091042453358316
Al Bayda City_Al Bayda,2021-08-01,0.0
Al Bayda City_Al Bayda,2021-09-01,0.6931471805599453
Al Bayda City_Al Bayda,2021-10-01,0.0
Al Bayda City_Al Bayda,2021-11-01,7.360739903058278
Al Bayda City_Al Bayda,2021-12-01,0.0
Al Bayda City_Al Bayda,2022-01-01,6.413458957167356
Al Bayda City_Al Bayda,2022-02-01,0.6931471805599453
Al Bayda City_Al Bayda,2022-03-01,2.70805020110221
Al Bayda City_Al Bayda,2022-04-01,0.6931471805599453
Al Bayda City_Al Bayda,2022-05-01,0.0
Al Bayda City_Al Bayda,2022-06-01,0.0
Al Bayda City_Al Bayda,2022-07-01,1.0986122886681098
Al Bayda City_Al Bayda,2022-08-01,0.0
Al Bayda City_Al Bayda,2022-09-01,0.0
Al Bayda City_Al Bayda,2022-10-01,0.0
Al Bayda City_Al Bayda,2022-11-01,1.0986122886681098
Al Bayda City_Al Bayda,2022-12-01,0.6931471805599453
Al Bayda City_Al Bayda,2023-01-01,1.0986122886681098
Al Bayda City_Al Bayda,2023-02-01,1.6094379124341003
Al Bayda City_Al Bayda,2023-03-01,0.6931471805599453
Al Bayda City_Al Bayda,2023-04-01,0.6931471805599453
Al Bayda City_Al Bayda,2023-05-01,0.6931471805599453
Al Bayda City_Al Bayda,2023-06-01,0.6931471805599453
Al Bayda City_Al Bayda,2023-07-01,0.6931471805599453
Al Bayda City_Al Bayda,2023-08-01,0.6931471805599453
Al Bayda City_Al Bayda,2023-09-01,0.6931471805599453
Al Bayda City_Al Bayda,2023-10-01,1.3862943611198906
Al Bayda City_Al Bayda,2023-11-01,2.0794415416798357
Al Bayda City_Al Bayda,2023-12-01,1.9459101490553132
Al Bayda City_Al Bayda,2024-01-01,2.1972245773362196
Al Bayda City_Al Bayda,2024-02-01,1.791759469228055
Al Bayda City_Al Bayda,2024-03-01,1.9459101490553132
Al Bayda City_Al Bayda,2024-04-01,1.791759469228055
Al Bayda City_Al Bayda,2024-05-01,1.791759469228055
Al Ghaidha_Al Maharah,2015-11-01,0.0
Al Ghaidha_Al Maharah,2015-12-01,0.0
Al Ghaidha_Al Maharah,2016-01-01,0.0
Al Ghaidha_Al Maharah,2016-02-01,0.0
Al Ghaidha_Al Maharah,2016-03-01,0.0
Al Ghaidha_Al Maharah,2016-04-01,0.0
Al Ghaidha_Al Maharah,2016-05-01,0.0
Al Ghaidha_Al Maharah,2016-06-01,0.0
Al Ghaidha_Al Maharah,2016-07-01,0.0
Al Ghaidha_Al Maharah,2016-08-01,0.0
Al Ghaidha_Al Maharah,2016-09-01,0.0
Al Ghaidha_Al Maharah,2016-10-01,0.6931471805599453
Al Ghaidha_Al Maharah,2016-11-01,0.0
Al Ghaidha_Al Maharah,2016-12-01,0.0
Al Ghaidha_Al Maharah,2017-01-01,0.0
Al Ghaidha_Al Maharah,2017-02-01,0.0
Al Ghaidha_Al Maharah,2017-03-01,0.0
Al Ghaidha_Al Maharah,2017-04-01,1.0986122886681098
Al Ghaidha_Al Maharah,2017-05-01,2.1972245773362196
Al Ghaidha_Al Maharah,2017-06-01,0.0
Al Ghaidha_Al Maharah,2017-07-01,0.0
Al Ghaidha_Al Maharah,2017-08-01,0.0
Al Ghaidha_Al Maharah,2017-09-01,1.3862943611198906
Al Ghaidha_Al Maharah,2017-10-01,0.0
Al Ghaidha_Al Maharah,2017-11-01,2.1972245773362196
Al Ghaidha_Al Maharah,2017-12-01,0.0
Al Ghaidha_Al Maharah,2018-01-01,2.4849066497880004
Al Ghaidha_Al Maharah,2018-02-01,2.1972245773362196
Al Ghaidha_Al Maharah,2018-03-01,0.0
Al Ghaidha_Al Maharah,2018-04-01,0.6931471805599453
Al Ghaidha_Al Maharah,2018-05-01,1.3862943611198906
Al Ghaidha_Al Maharah,2018-06-01,0.6931471805599453
Al Ghaidha_Al Maharah,2018-07-01,1.0986122886681098
Al Ghaidha_Al Maharah,2018-08-01,0.6931471805599453
Al Ghaidha_Al Maharah,2018-09-01,1.6094379124341003
Al Ghaidha_Al Maharah,2018-10-01,1.0986122886681098
Al Ghaidha_Al Maharah,2018-11-01,1.0986122886681098
Al Ghaidha_Al Maharah,2018-12-01,1.6094379124341003
Al Ghaidha_Al Maharah,2019-01-01,2.1972245773362196
Al Ghaidha_Al Maharah,2019-02-01,2.1972245773362196
Al Ghaidha_Al Maharah,2019-03-01,0.0
Al Ghaidha_Al Maharah,2019-04-01,2.70805020110221
Al Ghaidha_Al Maharah,2019-05-01,0.6931471805599453
Al Ghaidha_Al Maharah,2019-06-01,1.9459101490553132
Al Ghaidha_Al Maharah,2019-07-01,1.791759469228055
Al Ghaidha_Al Maharah,2019-08-01,1.9459101490553132
Al Ghaidha_Al Maharah,2019-09-01,0.0
Al Ghaidha_Al Maharah,2019-10-01,1.0986122886681098
Al Ghaidha_Al Maharah,2019-11-01,1.3862943611198906
Al Ghaidha_Al Maharah,2019-12-01,0.0
Al Ghaidha_Al Maharah,2020-01-01,0.0
Al Ghaidha_Al Maharah,2020-02-01,1.6094379124341003
Al Ghaidha_Al Maharah,2020-03-01,0.0
Al Ghaidha_Al Maharah,2020-04-01,0.0
Al Ghaidha_Al Maharah,2020-05-01,0.0
Al Ghaidha_Al Maharah,2020-06-01,0.0
Al Ghaidha_Al Maharah,2020-07-01,1.3862943611198906
Al Ghaidha_Al Maharah,2020-08-01,1.3862943611198906
Al Ghaidha_Al Maharah,2020-09-01,0.0
Al Ghaidha_Al Maharah,2020-10-01,3.401197381662155
Al Ghaidha_Al Maharah,2020-11-01,0.0
Al Ghaidha_Al Maharah,2020-12-01,1.3862943611198906
Al Ghaidha_Al Maharah,2021-01-01,1.0986122886681098
Al Ghaidha_Al Maharah,2021-02-01,0.0
Al Ghaidha_Al Maharah,2021-03-01,0.0
Al Ghaidha_Al Maharah,2021-04-01,1.0986122886681098
Al Ghaidha_Al Maharah,2021-05-01,0.0
Al Ghaidha_Al Maharah,2021-06-01,0.0
Al Ghaidha_Al Maharah,2021-07-01,0.0
Al Ghaidha_Al Maharah,2021-08-01,0.0
Al Ghaidha_Al Maharah,2021-09-01,0.0
Al Ghaidha_Al Maharah,2021-10-01,0.0
Al Ghaidha_Al Maharah,2021-11-01,0.0
Al Ghaidha_Al Maharah,2021-12-01,0.0
Al Ghaidha_Al Maharah,2022-01-01,0.0
Al Ghaidha_Al Maharah,2022-02-01,0.6931471805599453
Al Ghaidha_Al Maharah,2022-03-01,0.0
Al Ghaidha_Al Maharah,2022-04-01,0.0
Al Ghaidha_Al Maharah,2022-05-01,0.6931471805599453
Al Ghaidha_Al Maharah,2022-06-01,0.0
Al Ghaidha_Al Maharah,2022-07-01,1.3862943611198906
Al Ghaidha_Al Maharah,2022-08-01,0.0
Al Ghaidha_Al Maharah,2022-09-01,0.0
Al Ghaidha_Al Maharah,2022-10-01,0.0
Al Ghaidha_Al Maharah,2022-11-01,0.0
Al Ghaidha_Al Maharah,2022-12-01,1.9459101490553132
Al Ghaidha_Al Maharah,2023-01-01,1.0986122886681098
Al Ghaidha_Al Maharah,2023-02-01,0.0
Al Ghaidha_Al Maharah,2023-03-01,1.6094379124341003
Al Ghaidha_Al Maharah,2023-04-01,0.0
Al Ghaidha_Al Maharah,2023-05-01,0.0
Al Ghaidha_Al Maharah,2023-06-01,1.0986122886681098
Al Ghaidha_Al Maharah,2023-07-01,0.0
Al Ghaidha_Al Maharah,2023-08-01,1.6094379124341003
Al Ghaidha_Al Maharah,2023-09-01,1.3862943611198906
Al Ghaidha_Al Maharah,2023-10-01,0.6931471805599453
Al Ghaidha_Al Maharah,2023-11-01,0.6931471805599453
Al Ghaidha_Al Maharah,2023-12-01,0.6931471805599453
Al Ghaidha_Al Maharah,2024-01-01,0.6931471805599453
Al Ghaidha_Al Maharah,2024-02-01,0.0
Al Ghaidha_Al Maharah,2024-03-01,0.6931471805599453
Al Ghaidha_Al Maharah,2024-04-01,1.3862943611198906
Al Ghaidha_Al Maharah,2024-05-01,0.0
Al Ghaidha_Al Maharah,2024-06-01,0.6931471805599453
Al Ghaidha_Al Maharah,2024-07-01,0.0
Al Hazum_Al Jawf,2016-06-01,6.87935580446044
Al Hazum_Al Jawf,2016-07-01,6.269096283706261
Al Hazum_Al Jawf,2016-08-01,4.564348191467836
Al Hazum_Al Jawf,2016-09-01,5.723585101952381
Al Hazum_Al Jawf,2016-10-01,5.958424693029782
Al Hazum_Al Jawf,2016-11-01,4.77912349311153
Al Hazum_Al Jawf,2016-12-01,4.6443908991413725
Al Hazum_Al Jawf,2017-01-01,0.0
Al Hazum_Al Jawf,2017-02-01,0.0
Al Hazum_Al Jawf,2017-03-01,1.6094379124341003
Al Hazum_Al Jawf,2017-04-01,5.135798437050262
Al Hazum_Al Jawf,2017-05-01,0.0
Al Hazum_Al Jawf,2017-06-01,5.768320995793772
Al Hazum_Al Jawf,2017-07-01,4.653960350157523
Al Hazum_Al Jawf,2017-08-01,1.791759469228055
Al Hazum_Al Jawf,2017-09-01,5.043425116919247
Al Hazum_Al Jawf,2017-10-01,4.553876891600541
Al Hazum_Al Jawf,2017-11-01,2.3025850929940455
Al Hazum_Al Jawf,2017-12-01,1.0986122886681098
Al Hazum_Al Jawf,2018-01-01,4.143134726391533
Al Hazum_Al Jawf,2018-02-01,5.472270673671475
Al Hazum_Al Jawf,2018-03-01,4.430816798843313
Al Hazum_Al Jawf,2018-04-01,3.7841896339182615
Al Hazum_Al Jawf,2018-05-01,4.6443908991413725
Al Hazum_Al Jawf,2018-06-01,2.6390573296152584
Al Hazum_Al Jawf,2018-07-01,5.318119993844217
Al Hazum_Al Jawf,2018-08-01,0.6931471805599453
Al Hazum_Al Jawf,2018-09-01,3.091042453358316
Al Hazum_Al Jawf,2018-10-01,2.995732273553991
Al Hazum_Al Jawf,2018-11-01,0.0
Al Hazum_Al Jawf,2018-12-01,0.6931471805599453
Al Hazum_Al Jawf,2019-01-01,0.0
Al Hazum_Al Jawf,2019-02-01,0.6931471805599453
Al Hazum_Al Jawf,2019-03-01,5.493061443340549
Al Hazum_Al Jawf,2019-04-01,4.025351690735149
Al Hazum_Al Jawf,2019-05-01,1.0986122886681098
Al Hazum_Al Jawf,2019-06-01,3.091042453358316
Al Hazum_Al Jawf,2019-07-01,0.0
Al Hazum_Al Jawf,2019-08-01,0.0
Al Hazum_Al Jawf,2019-09-01,3.7841896339182615
Al Hazum_Al Jawf,2019-10-01,0.0
Al Hazum_Al Jawf,2019-11-01,3.091042453358316
Al Hazum_Al Jawf,2019-12-01,4.382026634673881
Al Hazum_Al Jawf,2020-01-01,3.044522437723423
Al Hazum_Al Jawf,2020-02-01,4.941642422609304
Al Hazum_Al Jawf,2020-03-01,7.162397497355718
Al Hazum_Al Jawf,2020-04-01,8.549853973655786
Al Hazum_Al Jawf,2020-05-01,7.6787889981991535
Al Hazum_Al Jawf,2020-06-01,6.522092798170153
Al Hazum_Al Jawf,2020-07-01,7.278628942320683
Al Hazum_Al Jawf,2020-08-01,6.535241271013659
Al Hazum_Al Jawf,2020-09-01,4.867534450455583
Al Hazum_Al Jawf,2020-10-01,5.5294290875114225
Al Hazum_Al Jawf,2020-11-01,7.9208096792886
Al Hazum_Al Jawf,2020-12-01,6.876264611890766
Al Hazum_Al Jawf,2021-01-01,6.206575926724927
Al Hazum_Al Jawf,2021-02-01,6.276643489341645
Al Hazum_Al Jawf,2021-03-01,1.3862943611198906
Al Hazum_Al Jawf,2021-04-01,4.941642422609304
Al Hazum_Al Jawf,2021-05-01,6.970730078143524
Al Hazum_Al Jawf,2021-06-01,6.194405391104672
Al Hazum_Al Jawf,2021-07-01,4.189654742026425
Al Hazum_Al Jawf,2021-08-01,5.170483995038152
Al Hazum_Al Jawf,2021-09-01,4.356708826689592
Al Hazum_Al Jawf,2021-10-01,6.742880635791903
Al Hazum_Al Jawf,2021-11-01,7.487173694213739
Al Hazum_Al Jawf,2021-12-01,7.21890970761906
Al Hazum_Al Jawf,2022-01-01,4.343805421853684
Al Hazum_Al Jawf,2022-02-01,5.631211781821365
Al Hazum_Al Jawf,2022-03-01,5.105945473900581
Al Hazum_Al Jawf,2022-04-01,5.0875963352323845
Al Hazum_Al Jawf,2022-05-01,2.6390573296152584
Al Hazum_Al Jawf,2022-06-01,0.6931471805599453
Al Hazum_Al Jawf,2022-07-01,2.4849066497880004
Al Hazum_Al Jawf,2022-08-01,1.3862943611198906
Al Hazum_Al Jawf,2022-09-01,0.0
Al Hazum_Al Jawf,2022-10-01,0.0
Al Hazum_Al Jawf,2022-11-01,4.836281906951478
Al Hazum_Al Jawf,2022-12-01,5.081404364984463
Al Hazum_Al Jawf,2023-01-01,2.8903717578961645
Al Hazum_Al Jawf,2023-02-01,1.3862943611198906
Al Hazum_Al Jawf,2023-03-01,0.0
Al Hazum_Al Jawf,2023-04-01,2.8903717578961645
Al Hazum_Al Jawf,2023-05-01,4.143134726391533
Al Hazum_Al Jawf,2023-06-01,0.6931471805599453
Al Hazum_Al Jawf,2023-07-01,2.8903717578961645
Al Hazum_Al Jawf,2023-08-01,1.3862943611198906
Al Hazum_Al Jawf,2023-09-01,0.0
Al Hazum_Al Jawf,2023-10-01,1.0986122886681098
Al Hazum_Al Jawf,2023-11-01,3.58351893845611
Al Hazum_Al Jawf,2023-12-01,0.6931471805599453
Al Hazum_Al Jawf,2024-01-01,3.8712010109078907
Al Hazum_Al Jawf,2024-02-01,2.4849066497880004
Al Hazum_Al Jawf,2024-03-01,3.6635616461296463
Al Hazum_Al Jawf,2024-04-01,3.6888794541139367
Al Hazum_Al Jawf,2024-05-01,4.430816798843313
Al Jabeen_Raymah,2016-06-01,0.0
Al Jabeen_Raymah,2016-07-01,0.0
Al Jabeen_Raymah,2016-08-01,0.0
Al Jabeen_Raymah,2016-09-01,0.0
Al Jabeen_Raymah,2016-10-01,0.0
Al Jabeen_Raymah,2016-11-01,0.0
Al Jabeen_Raymah,2016-12-01,0.0
Al Jabeen_Raymah,2017-01-01,0.0
Al Jabeen_Raymah,2017-02-01,0.0
Al Jabeen_Raymah,2017-03-01,0.0
Al Jabeen_Raymah,2017-04-01,1.0986122886681098
Al Jabeen_Raymah,2017-05-01,0.6931471805599453
Al Jabeen_Raymah,2017-06-01,0.0
Al Jabeen_Raymah,2017-07-01,0.0
Al Jabeen_Raymah,2017-08-01,0.0
Al Jabeen_Raymah,2017-09-01,0.0
Al Jabeen_Raymah,2017-10-01,0.0
Al Jabeen_Raymah,2017-11-01,1.0986122886681098
Al Jabeen_Raymah,2017-12-01,1.791759469228055
Al Jabeen_Raymah,2018-01-01,1.3862943611198906
Al Jabeen_Raymah,2018-02-01,0.0
Al Jabeen_Raymah,2018-03-01,1.3862943611198906
Al Jabeen_Raymah,2018-04-01,1.6094379124341003
Al Jabeen_Raymah,2018-05-01,0.0
Al Jabeen_Raymah,2018-06-01,0.0
Al Jabeen_Raymah,2018-07-01,1.0986122886681098
Al Jabeen_Raymah,2018-08-01,0.0
Al Jabeen_Raymah,2018-09-01,2.0794415416798357
Al Jabeen_Raymah,2018-10-01,0.0
Al Jabeen_Raymah,2018-11-01,0.0
Al Jabeen_Raymah,2018-12-01,0.0
Al Jabeen_Raymah,2019-01-01,0.0
Al Jabeen_Raymah,2019-02-01,0.0
Al Jabeen_Raymah,2019-03-01,0.0
Al Jabeen_Raymah,2019-04-01,0.0
Al Jabeen_Raymah,2019-05-01,0.6931471805599453
Al Jabeen_Raymah,2019-06-01,0.0
Al Jabeen_Raymah,2019-07-01,0.0
Al Jabeen_Raymah,2019-08-01,0.0
Al Jabeen_Raymah,2019-09-01,0.0
Al Jabeen_Raymah,2019-10-01,0.0
Al Jabeen_Raymah,2019-11-01,0.0
Al Jabeen_Raymah,2019-12-01,0.6931471805599453
Al Jabeen_Raymah,2020-01-01,0.6931471805599453
Al Jabeen_Raymah,2020-02-01,0.0
Al Jabeen_Raymah,2020-03-01,0.6931471805599453
Al Jabeen_Raymah,2020-04-01,0.0
Al Jabeen_Raymah,2020-05-01,0.0
Al Jabeen_Raymah,2020-06-01,0.0
Al Jabeen_Raymah,2020-07-01,0.0
Al Jabeen_Raymah,2020-08-01,0.0
Al Jabeen_Raymah,2020-09-01,0.0
Al Jabeen_Raymah,2020-10-01,0.6931471805599453
Al Jabeen_Raymah,2020-11-01,0.0
Al Jabeen_Raymah,2020-12-01,1.0986122886681098
Al Jabeen_Raymah,2021-01-01,1.0986122886681098
Al Jabeen_Raymah,2021-02-01,1.0986122886681098
Al Jabeen_Raymah,2021-03-01,1.0986122886681098
Al Jabeen_Raymah,2021-04-01,0.0
Al Jabeen_Raymah,2021-05-01,1.0986122886681098
Al Jabeen_Raymah,2021-06-01,0.0
Al Jabeen_Raymah,2021-07-01,1.0986122886681098
Al Jabeen_Raymah,2021-08-01,0.0
Al Jabeen_Raymah,2021-09-01,0.0
Al Jabeen_Raymah,2021-10-01,0.0
Al Jabeen_Raymah,2021-11-01,0.6931471805599453
Al Jabeen_Raymah,2021-12-01,0.0
Al Jabeen_Raymah,2022-01-01,0.0
Al Jabeen_Raymah,2022-02-01,0.0
Al Jabeen_Raymah,2022-03-01,0.6931471805599453
Al Jabeen_Raymah,2022-04-01,0.6931471805599453
Al Jabeen_Raymah,2022-05-01,0.0
Al Jabeen_Raymah,2022-06-01,0.6931471805599453
Al Jabeen_Raymah,2022-07-01,0.0
Al Jabeen_Raymah,2022-08-01,0.0
Al Jabeen_Raymah,2022-09-01,0.6931471805599453
Al Jabeen_Raymah,2022-10-01,0.0
Al Jabeen_Raymah,2022-11-01,0.0
Al Jabeen_Raymah,2022-12-01,0.0
Al Jabeen_Raymah,2023-01-01,1.0986122886681098
Al Jabeen_Raymah,2023-02-01,0.6931471805599453
Al Jabeen_Raymah,2023-03-01,0.6931471805599453
Al Jabeen_Raymah,2023-04-01,0.6931471805599453
Al Jabeen_Raymah,2023-05-01,1.3862943611198906
Al Jabeen_Raymah,2023-06-01,0.0
Al Jabeen_Raymah,2023-07-01,1.0986122886681098
Al Jabeen_Raymah,2023-08-01,0.6931471805599453
Al Jabeen_Raymah,2023-09-01,1.3862943611198906
Al Jabeen_Raymah,2023-10-01,2.1972245773362196
Al Jabeen_Raymah,2023-11-01,1.9459101490553132
Al Jabeen_Raymah,2023-12-01,2.3978952727983707
Al Jabeen_Raymah,2024-01-01,1.9459101490553132
Al Jabeen_Raymah,2024-02-01,2.4849066497880004
Al Jabeen_Raymah,2024-03-01,2.1972245773362196
Al Jabeen_Raymah,2024-04-01,1.9459101490553132
Al Jabeen_Raymah,2024-05-01,2.1972245773362196
Alduhamih_Al Hudaydah,2015-01-01,1.3862943611198906
Alduhamih_Al Hudaydah,2015-02-01,3.2188758248682006
Alduhamih_Al Hudaydah,2015-03-01,1.791759469228055
Alduhamih_Al Hudaydah,2015-04-01,1.3862943611198906
Alduhamih_Al Hudaydah,2015-05-01,5.337538079701318
Alduhamih_Al Hudaydah,2015-06-01,0.6931471805599453
Alduhamih_Al Hudaydah,2015-07-01,4.23410650459726
Alduhamih_Al Hudaydah,2015-08-01,1.3862943611198906
Alduhamih_Al Hudaydah,2015-09-01,1.0986122886681098
Alduhamih_Al Hudaydah,2015-10-01,3.332204510175204
Alduhamih_Al Hudaydah,2015-11-01,0.0
Alduhamih_Al Hudaydah,2015-12-01,0.6931471805599453
Alduhamih_Al Hudaydah,2016-01-01,1.0986122886681098
Alduhamih_Al Hudaydah,2016-02-01,0.0
Alduhamih_Al Hudaydah,2016-03-01,0.0
Alduhamih_Al Hudaydah,2016-04-01,0.0
Alduhamih_Al Hudaydah,2016-05-01,0.6931471805599453
Alduhamih_Al Hudaydah,2016-06-01,0.0
Alduhamih_Al Hudaydah,2016-07-01,1.0986122886681098
Alduhamih_Al Hudaydah,2016-08-01,1.3862943611198906
Alduhamih_Al Hudaydah,2016-09-01,2.1972245773362196
Alduhamih_Al Hudaydah,2016-10-01,2.0794415416798357
Alduhamih_Al Hudaydah,2016-11-01,1.6094379124341003
Alduhamih_Al Hudaydah,2016-12-01,1.0986122886681098
Alduhamih_Al Hudaydah,2017-01-01,1.0986122886681098
Alduhamih_Al Hudaydah,2017-02-01,0.0
Alduhamih_Al Hudaydah,2017-03-01,2.70805020110221
Alduhamih_Al Hudaydah,2017-04-01,0.0
Alduhamih_Al Hudaydah,2017-05-01,0.0
Alduhamih_Al Hudaydah,2017-06-01,0.0
Alduhamih_Al Hudaydah,2017-07-01,0.0
Alduhamih_Al Hudaydah,2017-08-01,0.0
Alduhamih_Al Hudaydah,2017-09-01,0.0
Alduhamih_Al Hudaydah,2017-10-01,0.0
Alduhamih_Al Hudaydah,2017-11-01,0.6931471805599453
Alduhamih_Al Hudaydah,2017-12-01,1.0986122886681098
Alduhamih_Al Hudaydah,2018-01-01,0.6931471805599453
Alduhamih_Al Hudaydah,2018-02-01,2.890371757896165
Alduhamih_Al Hudaydah,2018-03-01,0.6931471805599453
Alduhamih_Al Hudaydah,2018-04-01,0.0
Alduhamih_Al Hudaydah,2018-05-01,6.741700694652055
Alduhamih_Al Hudaydah,2018-06-01,9.185637759335812
Alduhamih_Al Hudaydah,2018-07-01,3.8066624897703196
Alduhamih_Al Hudaydah,2018-08-01,7.274479558773871
Alduhamih_Al Hudaydah,2018-09-01,8.376320632534823
Alduhamih_Al Hudaydah,2018-10-01,8.571681376700306
Alduhamih_Al Hudaydah,2018-11-01,8.901638932300326
Alduhamih_Al Hudaydah,2018-12-01,8.190908881182514
Alduhamih_Al Hudaydah,2019-01-01,6.040254711277414
Alduhamih_Al Hudaydah,2019-02-01,4.882801922586371
Alduhamih_Al Hudaydah,2019-03-01,6.12029741895095
Alduhamih_Al Hudaydah,2019-04-01,6.5337888379333435
Alduhamih_Al Hudaydah,2019-05-01,3.332204510175204
Alduhamih_Al Hudaydah,2019-06-01,6.139884552226255
Alduhamih_Al Hudaydah,2019-07-01,5.575949103146316
Alduhamih_Al Hudaydah,2019-08-01,3.1354942159291497
Alduhamih_Al Hudaydah,2019-09-01,2.833213344056216
Alduhamih_Al Hudaydah,2019-10-01,1.791759469228055
Alduhamih_Al Hudaydah,2019-11-01,1.0986122886681098
Alduhamih_Al Hudaydah,2019-12-01,2.0794415416798357
Alduhamih_Al Hudaydah,2020-01-01,2.5649493574615367
Alduhamih_Al Hudaydah,2020-02-01,3.1780538303479453
Alduhamih_Al Hudaydah,2020-03-01,2.9444389791664403
Alduhamih_Al Hudaydah,2020-04-01,1.791759469228055
Alduhamih_Al Hudaydah,2020-05-01,2.302585092994046
Alduhamih_Al Hudaydah,2020-06-01,4.477336814478207
Alduhamih_Al Hudaydah,2020-07-01,4.762173934797756
Alduhamih_Al Hudaydah,2020-08-01,4.700480365792417
Alduhamih_Al Hudaydah,2020-09-01,5.030437921392435
Alduhamih_Al Hudaydah,2020-10-01,5.940171252720431
Alduhamih_Al Hudaydah,2020-11-01,2.302585092994046
Alduhamih_Al Hudaydah,2020-12-01,2.0794415416798357
Alduhamih_Al Hudaydah,2021-01-01,4.499809670330265
Alduhamih_Al Hudaydah,2021-02-01,6.396929655216146
Alduhamih_Al Hudaydah,2021-03-01,6.4967749901858625
Alduhamih_Al Hudaydah,2021-04-01,5.123963979403259
Alduhamih_Al Hudaydah,2021-05-01,5.730099782973575
Alduhamih_Al Hudaydah,2021-06-01,1.791759469228055
Alduhamih_Al Hudaydah,2021-07-01,4.653960350157523
Alduhamih_Al Hudaydah,2021-08-01,4.0943445622221
Alduhamih_Al Hudaydah,2021-09-01,3.1780538303479453
Alduhamih_Al Hudaydah,2021-10-01,5.53338948872752
Alduhamih_Al Hudaydah,2021-11-01,2.995732273553991
Alduhamih_Al Hudaydah,2021-12-01,0.0
Alduhamih_Al Hudaydah,2022-01-01,2.70805020110221
Alduhamih_Al Hudaydah,2022-02-01,0.0
Alduhamih_Al Hudaydah,2022-03-01,4.007333185232471
Alduhamih_Al Hudaydah,2022-04-01,2.70805020110221
Alduhamih_Al Hudaydah,2022-05-01,3.2188758248682006
Alduhamih_Al Hudaydah,2022-06-01,1.6094379124341003
Alduhamih_Al Hudaydah,2022-07-01,3.8066624897703196
Alduhamih_Al Hudaydah,2022-08-01,2.1972245773362196
Alduhamih_Al Hudaydah,2022-09-01,2.70805020110221
Alduhamih_Al Hudaydah,2022-10-01,1.0986122886681098
Alduhamih_Al Hudaydah,2022-11-01,3.2188758248682006
Alduhamih_Al Hudaydah,2022-12-01,0.0
Alduhamih_Al Hudaydah,2023-01-01,4.762173934797756
Alduhamih_Al Hudaydah,2023-02-01,0.0
Alduhamih_Al Hudaydah,2023-03-01,0.0
Alduhamih_Al Hudaydah,2023-04-01,0.0
Alduhamih_Al Hudaydah,2023-05-01,0.0
Alduhamih_Al Hudaydah,2023-06-01,3.044522437723423
Alduhamih_Al Hudaydah,2023-07-01,3.2188758248682006
Alduhamih_Al Hudaydah,2023-08-01,1.0986122886681098
Alduhamih_Al Hudaydah,2023-09-01,1.0986122886681098
Alduhamih_Al Hudaydah,2023-10-01,1.3862943611198906
Alduhamih_Al Hudaydah,2023-11-01,1.6094379124341003
Alduhamih_Al Hudaydah,2023-12-01,0.0
Alduhamih_Al Hudaydah,2024-01-01,2.3025850929940455
Alduhamih_Al Hudaydah,2024-02-01,0.0
Alduhamih_Al Hudaydah,2024-03-01,0.0
Alduhamih_Al Hudaydah,2024-04-01,0.6931471805599453
Alduhamih_Al Hudaydah,2024-05-01,4.890349128221754
Alsuail_Hajjah,2015-02-01,0.6931471805599453
Alsuail_Hajjah,2015-03-01,3.332204510175204
Alsuail_Hajjah,2015-04-01,1.0986122886681098
Alsuail_Hajjah,2015-05-01,3.5553480614894135
Alsuail_Hajjah,2015-06-01,1.0986122886681098
Alsuail_Hajjah,2015-07-01,0.0
Alsuail_Hajjah,2015-08-01,5.030437921392435
Alsuail_Hajjah,2015-09-01,2.4849066497880004
Alsuail_Hajjah,2015-10-01,3.4965075614664807
Alsuail_Hajjah,2015-11-01,0.6931471805599453
Alsuail_Hajjah,2015-12-01,0.0
Alsuail_Hajjah,2016-01-01,0.6931471805599453
Alsuail_Hajjah,2016-02-01,3.2188758248682006
Alsuail_Hajjah,2016-03-01,0.0
Alsuail_Hajjah,2016-04-01,0.0
Alsuail_Hajjah,2016-05-01,0.0
Alsuail_Hajjah,2016-06-01,2.70805020110221
Alsuail_Hajjah,2016-07-01,1.0986122886681098
Alsuail_Hajjah,2016-08-01,4.836281906951478
Alsuail_Hajjah,2016-09-01,0.0
Alsuail_Hajjah,2016-10-01,2.70805020110221
Alsuail_Hajjah,2016-11-01,0.6931471805599453
Alsuail_Hajjah,2016-12-01,0.0
Alsuail_Hajjah,2017-01-01,0.6931471805599453
Alsuail_Hajjah,2017-02-01,3.58351893845611
Alsuail_Hajjah,2017-03-01,0.6931471805599453
Alsuail_Hajjah,2017-04-01,0.0
Alsuail_Hajjah,2017-05-01,0.0
Alsuail_Hajjah,2017-06-01,0.0
Alsuail_Hajjah,2017-07-01,2.1972245773362196
Alsuail_Hajjah,2017-08-01,0.0
Alsuail_Hajjah,2017-09-01,0.6931471805599453
Alsuail_Hajjah,2017-10-01,0.6931471805599453
Alsuail_Hajjah,2017-11-01,0.0
Alsuail_Hajjah,2017-12-01,1.0986122886681098
Alsuail_Hajjah,2018-01-01,0.0
Alsuail_Hajjah,2018-02-01,0.0
Alsuail_Hajjah,2018-03-01,1.0986122886681098
Alsuail_Hajjah,2018-04-01,3.5553480614894135
Alsuail_Hajjah,2018-05-01,0.0
Alsuail_Hajjah,2018-06-01,0.0
Alsuail_Hajjah,2018-07-01,0.6931471805599453
Alsuail_Hajjah,2018-08-01,3.4965075614664807
Alsuail_Hajjah,2018-09-01,1.0986122886681098
Alsuail_Hajjah,2018-10-01,1.0986122886681098
Alsuail_Hajjah,2018-11-01,1.0986122886681098
Alsuail_Hajjah,2018-12-01,0.0
Alsuail_Hajjah,2019-01-01,0.0
Alsuail_Hajjah,2019-02-01,0.6931471805599453
Alsuail_Hajjah,2019-03-01,1.0986122886681098
Alsuail_Hajjah,2019-04-01,0.0
Alsuail_Hajjah,2019-05-01,3.4965075614664807
Alsuail_Hajjah,2019-07-01,0.0
Alsuail_Hajjah,2019-08-01,0.6931471805599453
Alsuail_Hajjah,2019-09-01,0.6931471805599453
Alsuail_Hajjah,2019-10-01,4.143134726391533
Alsuail_Hajjah,2019-11-01,1.0986122886681098
Alsuail_Hajjah,2020-01-01,1.6094379124341003
Alsuail_Hajjah,2020-02-01,0.6931471805599453
Alsuail_Hajjah,2020-04-01,0.0
Alsuail_Hajjah,2020-05-01,3.044522437723423
Alsuail_Hajjah,2020-06-01,0.0
Alsuail_Hajjah,2020-07-01,1.0986122886681098
Alsuail_Hajjah,2020-08-01,2.70805020110221
Alsuail_Hajjah,2020-09-01,0.0
Alsuail_Hajjah,2020-10-01,0.0
Alsuail_Hajjah,2020-11-01,2.1972245773362196
Alsuail_Hajjah,2020-12-01,0.6931471805599453
Alsuail_Hajjah,2021-01-01,2.0794415416798357
Alsuail_Hajjah,2021-02-01,1.6094379124341003
Alsuail_Hajjah,2021-03-01,2.8903717578961645
Alsuail_Hajjah,2021-04-01,0.0
Alsuail_Hajjah,2021-05-01,1.0986122886681098
Alsuail_Hajjah,2021-06-01,0.0
Alsuail_Hajjah,2021-07-01,0.6931471805599453
Alsuail_Hajjah,2021-08-01,0.0
Alsuail_Hajjah,2021-09-01,0.0
Alsuail_Hajjah,2021-10-01,0.0
Alsuail_Hajjah,2021-11-01,1.0986122886681098
Alsuail_Hajjah,2021-12-01,0.0
Alsuail_Hajjah,2022-01-01,0.0
Alsuail_Hajjah,2022-02-01,6.591673732008658
Alsuail_Hajjah,2022-03-01,6.238324625039507
Alsuail_Hajjah,2022-04-01,0.0
Alsuail_Hajjah,2022-05-01,0.6931471805599453
Alsuail_Hajjah,2022-06-01,0.6931471805599453
Alsuail_Hajjah,2022-07-01,0.0
Alsuail_Hajjah,2022-08-01,0.0
Alsuail_Hajjah,2022-09-01,0.0
Alsuail_Hajjah,2022-10-01,0.0
Alsuail_Hajjah,2022-11-01,0.0
Alsuail_Hajjah,2022-12-01,0.6931471805599453
Alsuail_Hajjah,2023-01-01,1.9459101490553132
Alsuail_Hajjah,2023-02-01,1.0986122886681098
Alsuail_Hajjah,2023-03-01,0.6931471805599453
Alsuail_Hajjah,2023-04-01,0.6931471805599453
Alsuail_Hajjah,2023-05-01,1.3862943611198906
Alsuail_Hajjah,2023-06-01,0.0
Alsuail_Hajjah,2023-07-01,1.0986122886681098
Alsuail_Hajjah,2023-08-01,0.6931471805599453
Alsuail_Hajjah,2023-09-01,1.9459101490553132
Alsuail_Hajjah,2023-10-01,2.9444389791664403
Alsuail_Hajjah,2023-11-01,3.044522437723423
Alsuail_Hajjah,2023-12-01,2.70805020110221
Alsuail_Hajjah,2024-01-01,2.3978952727983707
Alsuail_Hajjah,2024-02-01,2.5649493574615367
Alsuail_Hajjah,2024-03-01,2.3978952727983707
Alsuail_Hajjah,2024-04-01,1.791759469228055
Alsuail_Hajjah,2024-05-01,2.302585092994046
Amran City_Amran,2015-01-01,0.0
Amran City_Amran,2015-02-01,1.0986122886681098
Amran City_Amran,2015-03-01,1.0986122886681098
Amran City_Amran,2015-04-01,5.44673737166631
Amran City_Amran,2015-05-01,1.791759469228055
Amran City_Amran,2015-06-01,1.3862943611198906
Amran City_Amran,2015-07-01,3.5553480614894135
Amran City_Amran,2015-08-01,5.0106352940962555
Amran City_Amran,2015-09-01,2.995732273553991
Amran City_Amran,2015-10-01,1.6094379124341003
Amran City_Amran,2015-11-01,0.0
Amran City_Amran,2015-12-01,0.6931471805599453
Amran City_Amran,2016-01-01,3.465735902799726
Amran City_Amran,2016-02-01,5.918893854273146
Amran City_Amran,2016-03-01,0.0
Amran City_Amran,2016-04-01,0.0
Amran City_Amran,2016-05-01,0.0
Amran City_Amran,2016-06-01,0.0
Amran City_Amran,2016-07-01,0.0
Amran City_Amran,2016-08-01,5.84354441703136
Amran City_Amran,2016-09-01,5.44673737166631
Amran City_Amran,2016-10-01,1.3862943611198906
Amran City_Amran,2016-11-01,0.0
Amran City_Amran,2016-12-01,4.007333185232471
Amran City_Amran,2017-01-01,0.0
Amran City_Amran,2017-02-01,0.6931471805599453
Amran City_Amran,2017-03-01,3.58351893845611
Amran City_Amran,2017-04-01,0.0
Amran City_Amran,2017-05-01,0.0
Amran City_Amran,2017-06-01,0.0
Amran City_Amran,2017-07-01,1.0986122886681098
Amran City_Amran,2017-08-01,0.0
Amran City_Amran,2017-09-01,0.0
Amran City_Amran,2017-10-01,0.0
Amran City_Amran,2017-11-01,2.1972245773362196
Amran City_Amran,2017-12-01,3.7841896339182615
Amran City_Amran,2018-01-01,0.0
Amran City_Amran,2018-02-01,0.0
Amran City_Amran,2018-03-01,0.0
Amran City_Amran,2018-04-01,0.0
Amran City_Amran,2018-05-01,0.0
Amran City_Amran,2018-06-01,4.04305126783455
Amran City_Amran,2018-07-01,0.6931471805599453
Amran City_Amran,2018-08-01,0.0
Amran City_Amran,2018-09-01,0.0
Amran City_Amran,2018-10-01,0.0
Amran City_Amran,2018-11-01,2.1972245773362196
Amran City_Amran,2018-12-01,0.6931471805599453
Amran City_Amran,2019-01-01,0.0
Amran City_Amran,2019-02-01,0.0
Amran City_Amran,2019-03-01,0.0
Amran City_Amran,2019-04-01,0.0
Amran City_Amran,2019-05-01,3.401197381662156
Amran City_Amran,2019-06-01,0.0
Amran City_Amran,2019-07-01,0.6931471805599453
Amran City_Amran,2019-08-01,0.6931471805599453
Amran City_Amran,2019-09-01,0.6931471805599453
Amran City_Amran,2019-10-01,0.0
Amran City_Amran,2019-11-01,1.0986122886681098
Amran City_Amran,2019-12-01,0.0
Amran City_Amran,2020-01-01,1.0986122886681098
Amran City_Amran,2020-02-01,1.6094379124341003
Amran City_Amran,2020-03-01,0.0
Amran City_Amran,2020-04-01,0.0
Amran City_Amran,2020-05-01,0.6931471805599453
Amran City_Amran,2020-06-01,0.0
Amran City_Amran,2020-07-01,0.0
Amran City_Amran,2020-08-01,0.0
Amran City_Amran,2020-09-01,0.0
Amran City_Amran,2020-10-01,0.0
Amran City_Amran,2020-11-01,0.6931471805599453
Amran City_Amran,2020-12-01,0.0
Amran City_Amran,2021-01-01,1.6094379124341003
Amran City_Amran,2021-02-01,0.6931471805599453
Amran City_Amran,2021-03-01,1.3862943611198906
Amran City_Amran,2021-04-01,2.1972245773362196
Amran City_Amran,2021-05-01,0.6931471805599453
Amran City_Amran,2021-06-01,0.0
Amran City_Amran,2021-07-01,1.0986122886681098
Amran City_Amran,2021-08-01,0.0
Amran City_Amran,2021-09-01,0.0
Amran City_Amran,2021-10-01,0.0
Amran City_Amran,2021-11-01,0.0
Amran City_Amran,2021-12-01,0.0
Amran City_Amran,2022-01-01,1.0986122886681098
Amran City_Amran,2022-02-01,0.0
Amran City_Amran,2022-03-01,1.0986122886681098
Amran City_Amran,2022-04-01,1.0986122886681098
Amran City_Amran,2022-05-01,0.0
Amran City_Amran,2022-06-01,0.0
Amran City_Amran,2022-07-01,0.0
Amran City_Amran,2022-08-01,0.0
Amran City_Amran,2022-09-01,0.0
Amran City_Amran,2022-10-01,0.0
Amran City_Amran,2022-11-01,0.6931471805599453
Amran City_Amran,2022-12-01,0.0
Amran City_Amran,2023-01-01,1.6094379124341003
Amran City_Amran,2023-02-01,0.6931471805599453
Amran City_Amran,2023-03-01,0.6931471805599453
Amran City_Amran,2023-04-01,0.6931471805599453
Amran City_Amran,2023-05-01,1.6094379124341003
Amran City_Amran,2023-06-01,1.3862943611198906
Amran City_Amran,2023-07-01,1.0986122886681098
Amran City_Amran,2023-08-01,1.3862943611198906
Amran City_Amran,2023-09-01,0.6931471805599453
Amran City_Amran,2023-10-01,2.4849066497880004
Amran City_Amran,2023-11-01,1.791759469228055
Amran City_Amran,2023-12-01,2.0794415416798357
Amran City_Amran,2024-01-01,2.0794415416798357
Amran City_Amran,2024-02-01,2.1972245773362196
Amran City_Amran,2024-03-01,2.302585092994046
Amran City_Amran,2024-04-01,1.791759469228055
Amran City_Amran,2024-05-01,2.4849066497880004
Central Ataq_Shabwah,2016-06-01,3.258096538021482
Central Ataq_Shabwah,2016-07-01,2.8903717578961645
Central Ataq_Shabwah,2016-08-01,2.0794415416798357
Central Ataq_Shabwah,2016-09-01,1.0986122886681098
Central Ataq_Shabwah,2016-10-01,3.737669618283368
Central Ataq_Shabwah,2016-11-01,3.465735902799726
Central Ataq_Shabwah,2016-12-01,5.123963979403259
Central Ataq_Shabwah,2017-01-01,2.4849066497880004
Central Ataq_Shabwah,2017-02-01,0.0
Central Ataq_Shabwah,2017-03-01,0.6931471805599453
Central Ataq_Shabwah,2017-04-01,3.58351893845611
Central Ataq_Shabwah,2017-05-01,0.6931471805599453
Central Ataq_Shabwah,2017-06-01,0.0
Central Ataq_Shabwah,2017-07-01,3.1780538303479453
Central Ataq_Shabwah,2017-08-01,4.6443908991413725
Central Ataq_Shabwah,2017-09-01,2.1972245773362196
Central Ataq_Shabwah,2017-10-01,0.6931471805599453
Central Ataq_Shabwah,2017-11-01,0.0
Central Ataq_Shabwah,2017-12-01,0.0
Central Ataq_Shabwah,2018-01-01,4.0943445622221
Central Ataq_Shabwah,2018-02-01,0.6931471805599453
Central Ataq_Shabwah,2018-03-01,3.2188758248682006
Central Ataq_Shabwah,2018-04-01,0.0
Central Ataq_Shabwah,2018-05-01,0.6931471805599453
Central Ataq_Shabwah,2018-06-01,0.0
Central Ataq_Shabwah,2018-07-01,2.1972245773362196
Central Ataq_Shabwah,2018-08-01,2.4849066497880004
Central Ataq_Shabwah,2018-09-01,3.332204510175204
Central Ataq_Shabwah,2018-10-01,0.0
Central Ataq_Shabwah,2018-11-01,0.0
Central Ataq_Shabwah,2018-12-01,0.6931471805599453
Central Ataq_Shabwah,2019-01-01,0.0
Central Ataq_Shabwah,2019-02-01,0.0
Central Ataq_Shabwah,2019-03-01,0.6931471805599453
Central Ataq_Shabwah,2019-04-01,0.6931471805599453
Central Ataq_Shabwah,2019-05-01,1.3862943611198906
Central Ataq_Shabwah,2019-06-01,5.105945473900581
Central Ataq_Shabwah,2019-07-01,1.3862943611198906
Central Ataq_Shabwah,2019-08-01,5.398162701517753
Central Ataq_Shabwah,2019-09-01,2.3025850929940455
Central Ataq_Shabwah,2019-10-01,3.1780538303479453
Central Ataq_Shabwah,2019-11-01,3.1780538303479453
Central Ataq_Shabwah,2019-12-01,3.465735902799726
Central Ataq_Shabwah,2020-01-01,0.6931471805599453
Central Ataq_Shabwah,2020-02-01,4.477336814478207
Central Ataq_Shabwah,2020-03-01,2.8903717578961645
Central Ataq_Shabwah,2020-04-01,0.6931471805599453
Central Ataq_Shabwah,2020-05-01,3.58351893845611
Central Ataq_Shabwah,2020-06-01,3.688879454113936
Central Ataq_Shabwah,2020-07-01,2.6390573296152584
Central Ataq_Shabwah,2020-08-01,2.0794415416798357
Central Ataq_Shabwah,2020-09-01,1.791759469228055
Central Ataq_Shabwah,2020-10-01,4.007333185232471
Central Ataq_Shabwah,2020-11-01,3.7841896339182615
Central Ataq_Shabwah,2020-12-01,1.9459101490553132
Central Ataq_Shabwah,2021-01-01,2.8903717578961645
Central Ataq_Shabwah,2021-02-01,1.6094379124341003
Central Ataq_Shabwah,2021-03-01,3.178053830347945
Central Ataq_Shabwah,2021-04-01,1.3862943611198906
Central Ataq_Shabwah,2021-05-01,3.401197381662155
Central Ataq_Shabwah,2021-06-01,0.0
Central Ataq_Shabwah,2021-07-01,2.3025850929940455
Central Ataq_Shabwah,2021-08-01,3.178053830347945
Central Ataq_Shabwah,2021-09-01,1.0986122886681098
Central Ataq_Shabwah,2021-10-01,3.2188758248682006
Central Ataq_Shabwah,2021-11-01,1.3862943611198906
Central Ataq_Shabwah,2021-12-01,4.189654742026425
Central Ataq_Shabwah,2022-01-01,6.413458957167357
Central Ataq_Shabwah,2022-02-01,3.5553480614894135
Central Ataq_Shabwah,2022-03-01,2.9957322735539913
Central Ataq_Shabwah,2022-04-01,2.6390573296152584
Central Ataq_Shabwah,2022-05-01,4.605170185988092
Central Ataq_Shabwah,2022-06-01,5.375278407684165
Central Ataq_Shabwah,2022-07-01,3.6635616461296463
Central Ataq_Shabwah,2022-08-01,8.288283045207692
Central Ataq_Shabwah,2022-09-01,4.0943445622221
Central Ataq_Shabwah,2022-10-01,4.276666119016055
Central Ataq_Shabwah,2022-11-01,2.4849066497880004
Central Ataq_Shabwah,2022-12-01,3.044522437723423
Central Ataq_Shabwah,2023-01-01,3.295836866004329
Central Ataq_Shabwah,2023-02-01,2.4849066497880004
Central Ataq_Shabwah,2023-03-01,0.0
Central Ataq_Shabwah,2023-04-01,1.0986122886681098
Central Ataq_Shabwah,2023-05-01,2.8903717578961645
Central Ataq_Shabwah,2023-06-01,2.70805020110221
Central Ataq_Shabwah,2023-07-01,3.58351893845611
Central Ataq_Shabwah,2023-08-01,1.9459101490553132
Central Ataq_Shabwah,2023-09-01,3.8066624897703196
Central Ataq_Shabwah,2023-10-01,2.9957322735539913
Central Ataq_Shabwah,2023-11-01,1.0986122886681098
Central Ataq_Shabwah,2023-12-01,3.295836866004329
Central Ataq_Shabwah,2024-01-01,2.4849066497880004
Central Ataq_Shabwah,2024-02-01,1.3862943611198906
Central Ataq_Shabwah,2024-03-01,3.044522437723423
Central Ataq_Shabwah,2024-04-01,4.2484952420493585
Central Ataq_Shabwah,2024-05-01,2.8903717578961645
Central Ataq_Shabwah,2024-06-01,1.0986122886681098
Central Ataq_Shabwah,2024-07-01,2.70805020110221
Dhamar City_Dhamar,2015-02-01,2.5649493574615367
Dhamar City_Dhamar,2015-03-01,1.6094379124341003
Dhamar City_Dhamar,2015-04-01,2.1972245773362196
Dhamar City_Dhamar,2015-05-01,6.386879319362645
Dhamar City_Dhamar,2015-06-01,4.867534450455583
Dhamar City_Dhamar,2015-07-01,3.784189633918261
Dhamar City_Dhamar,2015-08-01,3.7376696182833684
Dhamar City_Dhamar,2015-09-01,3.401197381662155
Dhamar City_Dhamar,2015-10-01,1.945910149055313
Dhamar City_Dhamar,2015-11-01,1.3862943611198906
Dhamar City_Dhamar,2015-12-01,2.70805020110221
Dhamar City_Dhamar,2016-01-01,3.7376696182833684
Dhamar City_Dhamar,2016-02-01,0.6931471805599453
Dhamar City_Dhamar,2016-03-01,2.1972245773362196
Dhamar City_Dhamar,2016-04-01,2.1972245773362196
Dhamar City_Dhamar,2016-05-01,1.0986122886681098
Dhamar City_Dhamar,2016-06-01,2.1972245773362196
Dhamar City_Dhamar,2016-07-01,0.6931471805599453
Dhamar City_Dhamar,2016-08-01,3.2188758248682006
Dhamar City_Dhamar,2016-09-01,1.6094379124341003
Dhamar City_Dhamar,2016-10-01,1.791759469228055
Dhamar City_Dhamar,2016-11-01,0.0
Dhamar City_Dhamar,2016-12-01,0.6931471805599453
Dhamar City_Dhamar,2017-01-01,1.3862943611198906
Dhamar City_Dhamar,2017-02-01,0.0
Dhamar City_Dhamar,2017-03-01,0.6931471805599453
Dhamar City_Dhamar,2017-04-01,0.0
Dhamar City_Dhamar,2017-05-01,0.0
Dhamar City_Dhamar,2017-06-01,1.3862943611198906
Dhamar City_Dhamar,2017-07-01,0.6931471805599453
Dhamar City_Dhamar,2017-08-01,0.0
Dhamar City_Dhamar,2017-09-01,0.0
Dhamar City_Dhamar,2017-10-01,5.3230099791384085
Dhamar City_Dhamar,2017-11-01,1.0986122886681098
Dhamar City_Dhamar,2017-12-01,3.295836866004329
Dhamar City_Dhamar,2018-01-01,3.401197381662155
Dhamar City_Dhamar,2018-02-01,0.0
Dhamar City_Dhamar,2018-03-01,3.044522437723423
Dhamar City_Dhamar,2018-04-01,0.0
Dhamar City_Dhamar,2018-05-01,0.0
Dhamar City_Dhamar,2018-06-01,0.0
Dhamar City_Dhamar,2018-07-01,0.0
Dhamar City_Dhamar,2018-08-01,0.0
Dhamar City_Dhamar,2018-09-01,2.1972245773362196
Dhamar City_Dhamar,2018-10-01,0.0
Dhamar City_Dhamar,2018-11-01,3.1780538303479453
Dhamar City_Dhamar,2018-12-01,3.2188758248682006
Dhamar City_Dhamar,2019-01-01,0.0
Dhamar City_Dhamar,2019-02-01,0.0
Dhamar City_Dhamar,2019-03-01,0.0
Dhamar City_Dhamar,2019-04-01,2.1972245773362196
Dhamar City_Dhamar,2019-05-01,1.0986122886681098
Dhamar City_Dhamar,2019-06-01,0.6931471805599453
Dhamar City_Dhamar,2019-07-01,0.6931471805599453
Dhamar City_Dhamar,2019-08-01,7.3864708488298945
Dhamar City_Dhamar,2019-09-01,0.0
Dhamar City_Dhamar,2019-10-01,3.044522437723423
Dhamar City_Dhamar,2019-11-01,0.0
Dhamar City_Dhamar,2019-12-01,1.791759469228055
Dhamar City_Dhamar,2020-01-01,1.3862943611198906
Dhamar City_Dhamar,2020-02-01,0.0
Dhamar City_Dhamar,2020-03-01,2.1972245773362196
Dhamar City_Dhamar,2020-04-01,2.833213344056216
Dhamar City_Dhamar,2020-05-01,1.791759469228055
Dhamar City_Dhamar,2020-06-01,2.4849066497880004
Dhamar City_Dhamar,2020-07-01,1.0986122886681098
Dhamar City_Dhamar,2020-08-01,0.0
Dhamar City_Dhamar,2020-09-01,0.0
Dhamar City_Dhamar,2020-10-01,1.791759469228055
Dhamar City_Dhamar,2020-11-01,1.6094379124341003
Dhamar City_Dhamar,2020-12-01,0.6931471805599453
Dhamar City_Dhamar,2021-01-01,1.791759469228055
Dhamar City_Dhamar,2021-02-01,1.791759469228055
Dhamar City_Dhamar,2021-03-01,1.0986122886681098
Dhamar City_Dhamar,2021-04-01,0.0
Dhamar City_Dhamar,2021-05-01,3.8918202981106265
Dhamar City_Dhamar,2021-06-01,1.3862943611198906
Dhamar City_Dhamar,2021-07-01,2.1972245773362196
Dhamar City_Dhamar,2021-08-01,1.3862943611198906
Dhamar City_Dhamar,2021-09-01,2.1972245773362196
Dhamar City_Dhamar,2021-10-01,1.0986122886681098
Dhamar City_Dhamar,2021-11-01,0.6931471805599453
Dhamar City_Dhamar,2021-12-01,0.0
Dhamar City_Dhamar,2022-01-01,1.0986122886681098
Dhamar City_Dhamar,2022-02-01,0.0
Dhamar City_Dhamar,2022-03-01,1.0986122886681098
Dhamar City_Dhamar,2022-04-01,0.6931471805599453
Dhamar City_Dhamar,2022-05-01,0.6931471805599453
Dhamar City_Dhamar,2022-06-01,1.791759469228055
Dhamar City_Dhamar,2022-07-01,0.0
Dhamar City_Dhamar,2022-08-01,0.0
Dhamar City_Dhamar,2022-09-01,0.0
Dhamar City_Dhamar,2022-10-01,0.0
Dhamar City_Dhamar,2022-11-01,0.0
Dhamar City_Dhamar,2022-12-01,1.0986122886681098
Dhamar City_Dhamar,2023-01-01,1.791759469228055
Dhamar City_Dhamar,2023-02-01,1.6094379124341003
Dhamar City_Dhamar,2023-03-01,0.6931471805599453
Dhamar City_Dhamar,2023-04-01,1.3862943611198906
Dhamar City_Dhamar,2023-05-01,1.6094379124341003
Dhamar City_Dhamar,2023-06-01,1.3862943611198906
Dhamar City_Dhamar,2023-07-01,0.6931471805599453
Dhamar City_Dhamar,2023-08-01,0.6931471805599453
Dhamar City_Dhamar,2023-09-01,1.6094379124341003
Dhamar City_Dhamar,2023-10-01,2.3978952727983707
Dhamar City_Dhamar,2023-11-01,1.9459101490553132
Dhamar City_Dhamar,2023-12-01,2.4849066497880004
Dhamar City_Dhamar,2024-01-01,2.772588722239781
Dhamar City_Dhamar,2024-02-01,3.8712010109078907
Dhamar City_Dhamar,2024-03-01,3.58351893845611
Dhamar City_Dhamar,2024-04-01,1.9459101490553132
Dhamar City_Dhamar,2024-05-01,4.276666119016055
Haradh Town_Hajjah,2015-01-01,0.0
Haradh Town_Hajjah,2015-02-01,0.0
Haradh Town_Hajjah,2015-03-01,6.0014148779611505
Haradh Town_Hajjah,2015-04-01,6.851184927493742
Haradh Town_Hajjah,2015-05-01,6.962243464266207
Haradh Town_Hajjah,2015-06-01,7.166265974133638
Haradh Town_Hajjah,2015-07-01,7.941651252930555
Haradh Town_Hajjah,2015-08-01,6.733401891837358
Haradh Town_Hajjah,2015-09-01,6.758094504427731
Haradh Town_Hajjah,2015-10-01,5.493061443340549
Haradh Town_Hajjah,2015-11-01,4.77912349311153
Haradh Town_Hajjah,2015-12-01,8.619027497297505
Haradh Town_Hajjah,2016-01-01,8.305484017727691
Haradh Town_Hajjah,2016-02-01,5.723585101952381
Haradh Town_Hajjah,2016-03-01,1.9459101490553132
Haradh Town_Hajjah,2016-04-01,1.0986122886681098
Haradh Town_Hajjah,2016-05-01,1.3862943611198906
Haradh Town_Hajjah,2016-06-01,1.9459101490553132
Haradh Town_Hajjah,2016-07-01,8.324336332706899
Haradh Town_Hajjah,2016-08-01,6.6120410348330925
Haradh Town_Hajjah,2016-09-01,3.044522437723423
Haradh Town_Hajjah,2016-10-01,7.655390644826152
Haradh Town_Hajjah,2016-11-01,7.465082736399547
Haradh Town_Hajjah,2016-12-01,6.263398262591624
Haradh Town_Hajjah,2017-01-01,6.591673732008658
Haradh Town_Hajjah,2017-02-01,5.0106352940962555
Haradh Town_Hajjah,2017-03-01,7.444833273892193
Haradh Town_Hajjah,2017-04-01,5.831882477283517
Haradh Town_Hajjah,2017-05-01,5.8944028342648505
Haradh Town_Hajjah,2017-06-01,3.4339872044851463
Haradh Town_Hajjah,2017-07-01,7.171656822768515
Haradh Town_Hajjah,2017-08-01,3.6635616461296463
Haradh Town_Hajjah,2017-09-01,6.267200548541362
Haradh Town_Hajjah,2017-10-01,6.148468295917647
Haradh Town_Hajjah,2017-11-01,4.74493212836325
Haradh Town_Hajjah,2017-12-01,7.071573364211532
Haradh Town_Hajjah,2018-01-01,4.624972813284272
Haradh Town_Hajjah,2018-02-01,5.863631175598098
Haradh Town_Hajjah,2018-03-01,7.00488198971286
Haradh Town_Hajjah,2018-04-01,6.429719478039138
Haradh Town_Hajjah,2018-05-01,7.798933310041217
Haradh Town_Hajjah,2018-06-01,7.069874128458572
Haradh Town_Hajjah,2018-07-01,7.398174092970465
Haradh Town_Hajjah,2018-08-01,7.122059881629143
Haradh Town_Hajjah,2018-09-01,8.250097752572845
Haradh Town_Hajjah,2018-10-01,6.4967749901858625
Haradh Town_Hajjah,2018-11-01,9.222960403332285
Haradh Town_Hajjah,2018-12-01,8.831565879121063
Haradh Town_Hajjah,2019-01-01,9.858124010784598
Haradh Town_Hajjah,2019-02-01,8.5814816812986
Haradh Town_Hajjah,2019-03-01,8.330381569349418
Haradh Town_Hajjah,2019-04-01,8.716699572964293
Haradh Town_Hajjah,2019-05-01,7.742402021815782
Haradh Town_Hajjah,2019-06-01,7.521859252201629
Haradh Town_Hajjah,2019-07-01,7.793174347189205
Haradh Town_Hajjah,2019-08-01,8.348537825386098
Haradh Town_Hajjah,2019-09-01,9.718903438087914
Haradh Town_Hajjah,2019-10-01,6.4692503167957724
Haradh Town_Hajjah,2019-11-01,4.700480365792417
Haradh Town_Hajjah,2019-12-01,0.0
Haradh Town_Hajjah,2020-01-01,5.049856007249537
Haradh Town_Hajjah,2020-02-01,4.343805421853684
Haradh Town_Hajjah,2020-03-01,6.340359303727752
Ibb City_Ibb,2016-06-01,1.3862943611198906
Ibb City_Ibb,2016-07-01,1.0986122886681098
Ibb City_Ibb,2016-08-01,2.1972245773362196
Ibb City_Ibb,2016-09-01,4.553876891600541
Ibb City_Ibb,2016-10-01,3.332204510175204
Ibb City_Ibb,2016-11-01,4.68213122712422
Ibb City_Ibb,2016-12-01,0.6931471805599453
Ibb City_Ibb,2017-01-01,1.791759469228055
Ibb City_Ibb,2017-02-01,2.0794415416798357
Ibb City_Ibb,2017-03-01,1.3862943611198906
Ibb City_Ibb,2017-04-01,4.276666119016055
Ibb City_Ibb,2017-05-01,2.70805020110221
Ibb City_Ibb,2017-06-01,1.3862943611198906
Ibb City_Ibb,2017-07-01,4.174387269895637
Ibb City_Ibb,2017-08-01,0.0
Ibb City_Ibb,2017-09-01,0.0
Ibb City_Ibb,2017-10-01,0.0
Ibb City_Ibb,2017-11-01,0.0
Ibb City_Ibb,2017-12-01,0.6931471805599453
Ibb City_Ibb,2018-01-01,0.0
Ibb City_Ibb,2018-02-01,0.0
Ibb City_Ibb,2018-03-01,3.465735902799726
Ibb City_Ibb,2018-04-01,0.0
Ibb City_Ibb,2018-05-01,0.0
Ibb City_Ibb,2018-06-01,1.0986122886681098
Ibb City_Ibb,2018-07-01,0.6931471805599453
Ibb City_Ibb,2018-08-01,0.0
Ibb City_Ibb,2018-09-01,4.762173934797756
Ibb City_Ibb,2018-10-01,0.0
Ibb City_Ibb,2018-11-01,3.401197381662155
Ibb City_Ibb,2018-12-01,3.8066624897703196
Ibb City_Ibb,2019-01-01,0.0
Ibb City_Ibb,2019-02-01,0.0
Ibb City_Ibb,2019-03-01,4.007333185232471
Ibb City_Ibb,2019-04-01,0.0
Ibb City_Ibb,2019-05-01,0.6931471805599453
Ibb City_Ibb,2019-06-01,3.4965075614664807
Ibb City_Ibb,2019-07-01,0.6931471805599453
Ibb City_Ibb,2019-08-01,2.1972245773362196
Ibb City_Ibb,2019-09-01,0.0
Ibb City_Ibb,2019-10-01,4.6443908991413725
Ibb City_Ibb,2019-11-01,0.6931471805599453
Ibb City_Ibb,2019-12-01,2.0794415416798357
Ibb City_Ibb,2020-01-01,3.951243718581427
Ibb City_Ibb,2020-02-01,2.70805020110221
Ibb City_Ibb,2020-03-01,1.0986122886681098
Ibb City_Ibb,2020-04-01,2.4849066497880004
Ibb City_Ibb,2020-05-01,1.791759469228055
Ibb City_Ibb,2020-06-01,0.6931471805599453
Ibb City_Ibb,2020-07-01,3.8066624897703196
Ibb City_Ibb,2020-08-01,1.6094379124341003
Ibb City_Ibb,2020-09-01,3.091042453358316
Ibb City_Ibb,2020-10-01,1.791759469228055
Ibb City_Ibb,2020-11-01,2.1972245773362196
Ibb City_Ibb,2020-12-01,4.174387269895637
Ibb City_Ibb,2021-01-01,2.1972245773362196
Ibb City_Ibb,2021-02-01,2.70805020110221
Ibb City_Ibb,2021-03-01,2.302585092994046
Ibb City_Ibb,2021-04-01,2.70805020110221
Ibb City_Ibb,2021-05-01,0.6931471805599453
Ibb City_Ibb,2021-06-01,2.1972245773362196
Ibb City_Ibb,2021-07-01,0.0
Ibb City_Ibb,2021-08-01,1.3862943611198906
Ibb City_Ibb,2021-09-01,0.0
Ibb City_Ibb,2021-10-01,0.0
Ibb City_Ibb,2021-11-01,1.0986122886681098
Ibb City_Ibb,2021-12-01,0.0
Ibb City_Ibb,2022-01-01,3.2188758248682006
Ibb City_Ibb,2022-02-01,1.0986122886681098
Ibb City_Ibb,2022-03-01,3.688879454113936
Ibb City_Ibb,2022-04-01,0.6931471805599453
Ibb City_Ibb,2022-05-01,0.0
Ibb City_Ibb,2022-06-01,1.0986122886681098
Ibb City_Ibb,2022-07-01,1.6094379124341003
Ibb City_Ibb,2022-08-01,2.302585092994046
Ibb City_Ibb,2022-09-01,4.189654742026425
Ibb City_Ibb,2022-10-01,2.1972245773362196
Ibb City_Ibb,2022-11-01,2.772588722239781
Ibb City_Ibb,2022-12-01,1.0986122886681098
Ibb City_Ibb,2023-01-01,1.3862943611198906
Ibb City_Ibb,2023-02-01,1.9459101490553132
Ibb City_Ibb,2023-03-01,3.737669618283368
Ibb City_Ibb,2023-04-01,3.1780538303479458
Ibb City_Ibb,2023-05-01,3.8066624897703196
Ibb City_Ibb,2023-06-01,2.8903717578961645
Ibb City_Ibb,2023-07-01,2.0794415416798357
Ibb City_Ibb,2023-08-01,3.8712010109078907
Ibb City_Ibb,2023-09-01,2.3978952727983707
Ibb City_Ibb,2023-10-01,3.044522437723423
Ibb City_Ibb,2023-11-01,2.0794415416798357
Ibb City_Ibb,2023-12-01,1.9459101490553132
Ibb City_Ibb,2024-01-01,2.4849066497880004
Ibb City_Ibb,2024-02-01,3.6635616461296463
Ibb City_Ibb,2024-03-01,2.6390573296152584
Ibb City_Ibb,2024-04-01,3.737669618283368
Ibb City_Ibb,2024-05-01,3.332204510175204
Jihana Almarkazi_Sana'a,2016-06-01,0.0
Jihana Almarkazi_Sana'a,2016-07-01,0.0
Jihana Almarkazi_Sana'a,2016-08-01,0.0
Jihana Almarkazi_Sana'a,2016-09-01,0.0
Jihana Almarkazi_Sana'a,2016-10-01,0.0
Jihana Almarkazi_Sana'a,2016-11-01,0.0
Jihana Almarkazi_Sana'a,2016-12-01,0.0
Jihana Almarkazi_Sana'a,2017-01-01,0.0
Jihana Almarkazi_Sana'a,2017-02-01,0.0
Jihana Almarkazi_Sana'a,2017-03-01,0.6931471805599453
Jihana Almarkazi_Sana'a,2017-04-01,0.0
Jihana Almarkazi_Sana'a,2017-05-01,0.0
Jihana Almarkazi_Sana'a,2017-06-01,0.0
Jihana Almarkazi_Sana'a,2017-07-01,0.0
Jihana Almarkazi_Sana'a,2017-08-01,0.0
Jihana Almarkazi_Sana'a,2017-09-01,0.6931471805599453
Jihana Almarkazi_Sana'a,2017-10-01,0.0
Jihana Almarkazi_Sana'a,2017-11-01,0.0
Jihana Almarkazi_Sana'a,2017-12-01,0.0
Jihana Almarkazi_Sana'a,2018-01-01,0.0
Jihana Almarkazi_Sana'a,2018-02-01,0.0
Jihana Almarkazi_Sana'a,2018-03-01,0.0
Jihana Almarkazi_Sana'a,2018-04-01,0.0
Jihana Almarkazi_Sana'a,2018-05-01,0.0
Jihana Almarkazi_Sana'a,2018-06-01,0.0
Jihana Almarkazi_Sana'a,2018-07-01,0.0
Jihana Almarkazi_Sana'a,2018-08-01,0.0
Jihana Almarkazi_Sana'a,2018-09-01,0.0
Jihana Almarkazi_Sana'a,2018-10-01,0.0
Jihana Almarkazi_Sana'a,2018-11-01,0.0
Jihana Almarkazi_Sana'a,2018-12-01,0.0
Jihana Almarkazi_Sana'a,2019-01-01,1.0986122886681098
Jihana Almarkazi_Sana'a,2019-02-01,0.0
Jihana Almarkazi_Sana'a,2019-03-01,0.0
Jihana Almarkazi_Sana'a,2019-04-01,0.0
Jihana Almarkazi_Sana'a,2019-05-01,0.0
Jihana Almarkazi_Sana'a,2019-06-01,0.0
Jihana Almarkazi_Sana'a,2019-07-01,0.0
Jihana Almarkazi_Sana'a,2019-08-01,0.0
Jihana Almarkazi_Sana'a,2019-09-01,0.0
Jihana Almarkazi_Sana'a,2019-10-01,0.0
Jihana Almarkazi_Sana'a,2019-11-01,0.0
Jihana Almarkazi_Sana'a,2019-12-01,0.0
Jihana Almarkazi_Sana'a,2020-01-01,0.0
Jihana Almarkazi_Sana'a,2020-02-01,0.0
Jihana Almarkazi_Sana'a,2020-03-01,0.6931471805599453
Jihana Almarkazi_Sana'a,2020-04-01,0.0
Jihana Almarkazi_Sana'a,2020-05-01,0.0
Jihana Almarkazi_Sana'a,2020-06-01,0.6931471805599453
Jihana Almarkazi_Sana'a,2020-07-01,0.0
Jihana Almarkazi_Sana'a,2020-08-01,0.0
Jihana Almarkazi_Sana'a,2020-09-01,0.0
Jihana Almarkazi_Sana'a,2020-10-01,0.0
Jihana Almarkazi_Sana'a,2020-11-01,0.0
Jihana Almarkazi_Sana'a,2020-12-01,0.0
Jihana Almarkazi_Sana'a,2021-01-01,0.0
Jihana Almarkazi_Sana'a,2021-02-01,0.0
Jihana Almarkazi_Sana'a,2021-03-01,0.0
Jihana Almarkazi_Sana'a,2021-04-01,0.0
Jihana Almarkazi_Sana'a,2021-05-01,0.0
Jihana Almarkazi_Sana'a,2021-06-01,0.0
Jihana Almarkazi_Sana'a,2021-07-01,0.0
Jihana Almarkazi_Sana'a,2021-08-01,0.0
Jihana Almarkazi_Sana'a,2021-09-01,0.0
Jihana Almarkazi_Sana'a,2021-10-01,0.0
Jihana Almarkazi_Sana'a,2021-11-01,0.6931471805599453
Jihana Almarkazi_Sana'a,2021-12-01,0.0
Jihana Almarkazi_Sana'a,2022-01-01,0.0
Jihana Almarkazi_Sana'a,2022-02-01,0.0
Jihana Almarkazi_Sana'a,2022-03-01,0.0
Jihana Almarkazi_Sana'a,2022-04-01,0.0
Jihana Almarkazi_Sana'a,2022-05-01,0.0
Jihana Almarkazi_Sana'a,2022-06-01,0.0
Jihana Almarkazi_Sana'a,2022-07-01,0.6931471805599453
Jihana Almarkazi_Sana'a,2022-08-01,0.0
Jihana Almarkazi_Sana'a,2022-09-01,0.0
Jihana Almarkazi_Sana'a,2022-10-01,0.0
Jihana Almarkazi_Sana'a,2022-11-01,0.0
Jihana Almarkazi_Sana'a,2022-12-01,0.0
Jihana Almarkazi_Sana'a,2023-01-01,1.0986122886681098
Jihana Almarkazi_Sana'a,2023-02-01,0.6931471805599453
Jihana Almarkazi_Sana'a,2023-03-01,0.0
Jihana Almarkazi_Sana'a,2023-04-01,0.6931471805599453
Jihana Almarkazi_Sana'a,2023-05-01,1.0986122886681098
Jihana Almarkazi_Sana'a,2023-06-01,0.0
Jihana Almarkazi_Sana'a,2023-07-01,2.1972245773362196
Jihana Almarkazi_Sana'a,2023-08-01,0.0
Jihana Almarkazi_Sana'a,2023-09-01,0.0
Jihana Almarkazi_Sana'a,2023-10-01,1.6094379124341003
Jihana Almarkazi_Sana'a,2023-11-01,0.0
Jihana Almarkazi_Sana'a,2023-12-01,0.0
Jihana Almarkazi_Sana'a,2024-01-01,0.6931471805599453
Jihana Almarkazi_Sana'a,2024-02-01,0.0
Jihana Almarkazi_Sana'a,2024-03-01,0.0
Jihana Almarkazi_Sana'a,2024-04-01,0.0
Jihana Almarkazi_Sana'a,2024-05-01,1.0986122886681098
Mahweet City_Al Mahwit,2016-06-01,0.0
Mahweet City_Al Mahwit,2016-07-01,0.0
Mahweet City_Al Mahwit,2016-08-01,1.3862943611198906
Mahweet City_Al Mahwit,2016-09-01,1.3862943611198906
Mahweet City_Al Mahwit,2016-10-01,0.0
Mahweet City_Al Mahwit,2016-11-01,0.0
Mahweet City_Al Mahwit,2016-12-01,0.0
Mahweet City_Al Mahwit,2017-01-01,0.0
Mahweet City_Al Mahwit,2017-02-01,0.0
Mahweet City_Al Mahwit,2017-03-01,0.0
Mahweet City_Al Mahwit,2017-04-01,1.791759469228055
Mahweet City_Al Mahwit,2017-05-01,0.0
Mahweet City_Al Mahwit,2017-06-01,0.0
Mahweet City_Al Mahwit,2017-07-01,0.0
Mahweet City_Al Mahwit,2017-08-01,0.0
Mahweet City_Al Mahwit,2017-09-01,0.0
Mahweet City_Al Mahwit,2017-10-01,0.0
Mahweet City_Al Mahwit,2017-11-01,0.6931471805599453
Mahweet City_Al Mahwit,2017-12-01,3.1780538303479453
Mahweet City_Al Mahwit,2018-01-01,1.0986122886681098
Mahweet City_Al Mahwit,2018-02-01,0.0
Mahweet City_Al Mahwit,2018-03-01,1.6094379124341003
Mahweet City_Al Mahwit,2018-04-01,1.6094379124341003
Mahweet City_Al Mahwit,2018-05-01,0.0
Mahweet City_Al Mahwit,2018-06-01,0.0
Mahweet City_Al Mahwit,2018-07-01,0.0
Mahweet City_Al Mahwit,2018-08-01,0.0
Mahweet City_Al Mahwit,2018-09-01,0.0
Mahweet City_Al Mahwit,2018-10-01,0.0
Mahweet City_Al Mahwit,2018-11-01,0.0
Mahweet City_Al Mahwit,2018-12-01,2.1972245773362196
Mahweet City_Al Mahwit,2019-01-01,0.0
Mahweet City_Al Mahwit,2019-02-01,0.0
Mahweet City_Al Mahwit,2019-03-01,0.0
Mahweet City_Al Mahwit,2019-04-01,0.0
Mahweet City_Al Mahwit,2019-05-01,0.6931471805599453
Mahweet City_Al Mahwit,2019-06-01,0.0
Mahweet City_Al Mahwit,2019-07-01,0.0
Mahweet City_Al Mahwit,2019-08-01,0.0
Mahweet City_Al Mahwit,2019-09-01,0.0
Mahweet City_Al Mahwit,2019-10-01,0.6931471805599453
Mahweet City_Al Mahwit,2019-11-01,0.0
Mahweet City_Al Mahwit,2019-12-01,0.0
Mahweet City_Al Mahwit,2020-01-01,0.6931471805599453
Mahweet City_Al Mahwit,2020-02-01,0.6931471805599453
Mahweet City_Al Mahwit,2020-03-01,0.0
Mahweet City_Al Mahwit,2020-04-01,0.0
Mahweet City_Al Mahwit,2020-05-01,0.0
Mahweet City_Al Mahwit,2020-06-01,0.0
Mahweet City_Al Mahwit,2020-07-01,0.0
Mahweet City_Al Mahwit,2020-08-01,0.0
Mahweet City_Al Mahwit,2020-09-01,0.0
Mahweet City_Al Mahwit,2020-10-01,0.0
Mahweet City_Al Mahwit,2020-11-01,1.0986122886681098
Mahweet City_Al Mahwit,2020-12-01,0.0
Mahweet City_Al Mahwit,2021-01-01,1.0986122886681098
Mahweet City_Al Mahwit,2021-02-01,0.6931471805599453
Mahweet City_Al Mahwit,2021-03-01,1.0986122886681098
Mahweet City_Al Mahwit,2021-04-01,0.0
Mahweet City_Al Mahwit,2021-05-01,1.0986122886681098
Mahweet City_Al Mahwit,2021-06-01,0.0
Mahweet City_Al Mahwit,2021-07-01,0.0
Mahweet City_Al Mahwit,2021-08-01,0.0
Mahweet City_Al Mahwit,2021-09-01,0.0
Mahweet City_Al Mahwit,2021-10-01,0.0
Mahweet City_Al Mahwit,2021-11-01,0.0
Mahweet City_Al Mahwit,2021-12-01,3.332204510175204
Mahweet City_Al Mahwit,2022-01-01,0.0
Mahweet City_Al Mahwit,2022-02-01,0.0
Mahweet City_Al Mahwit,2022-03-01,0.6931471805599453
Mahweet City_Al Mahwit,2022-04-01,0.6931471805599453
Mahweet City_Al Mahwit,2022-05-01,0.0
Mahweet City_Al Mahwit,2022-06-01,0.6931471805599453
Mahweet City_Al Mahwit,2022-07-01,0.0
Mahweet City_Al Mahwit,2022-08-01,0.0
Mahweet City_Al Mahwit,2022-09-01,0.0
Mahweet City_Al Mahwit,2022-10-01,0.0
Mahweet City_Al Mahwit,2022-11-01,0.0
Mahweet City_Al Mahwit,2022-12-01,0.0
Mahweet City_Al Mahwit,2023-01-01,1.0986122886681098
Mahweet City_Al Mahwit,2023-02-01,0.6931471805599453
Mahweet City_Al Mahwit,2023-03-01,0.6931471805599453
Mahweet City_Al Mahwit,2023-04-01,0.6931471805599453
Mahweet City_Al Mahwit,2023-05-01,1.0986122886681098
Mahweet City_Al Mahwit,2023-06-01,0.0
Mahweet City_Al Mahwit,2023-07-01,0.6931471805599453
Mahweet City_Al Mahwit,2023-08-01,0.6931471805599453
Mahweet City_Al Mahwit,2023-09-01,1.0986122886681098
Mahweet City_Al Mahwit,2023-10-01,1.9459101490553132
Mahweet City_Al Mahwit,2023-11-01,1.3862943611198906
Mahweet City_Al Mahwit,2023-12-01,1.6094379124341003
Mahweet City_Al Mahwit,2024-01-01,1.0986122886681098
Mahweet City_Al Mahwit,2024-02-01,1.791759469228055
Mahweet City_Al Mahwit,2024-03-01,2.0794415416798357
Mahweet City_Al Mahwit,2024-04-01,1.6094379124341003
Mahweet City_Al Mahwit,2024-05-01,2.1972245773362196
Marib City_Marib,2016-06-01,5.337538079701318
Marib City_Marib,2016-07-01,5.793013608384143
Marib City_Marib,2016-08-01,4.584967478670571
Marib City_Marib,2016-09-01,4.564348191467836
Marib City_Marib,2016-10-01,4.564348191467836
Marib City_Marib,2016-11-01,5.313205979041787
Marib City_Marib,2016-12-01,5.33271879326537
Marib City_Marib,2017-01-01,3.401197381662155
Marib City_Marib,2017-02-01,4.941642422609304
Marib City_Marib,2017-03-01,3.1780538303479453
Marib City_Marib,2017-04-01,1.0986122886681098
Marib City_Marib,2017-05-01,0.6931471805599453
Marib City_Marib,2017-06-01,1.6094379124341003
Marib City_Marib,2017-07-01,3.091042453358316
Marib City_Marib,2017-08-01,3.951243718581427
Marib City_Marib,2017-09-01,4.025351690735149
Marib City_Marib,2017-10-01,2.0794415416798357
Marib City_Marib,2017-11-01,4.174387269895637
Marib City_Marib,2017-12-01,1.0986122886681098
Marib City_Marib,2018-01-01,2.1972245773362196
Marib City_Marib,2018-02-01,0.0
Marib City_Marib,2018-03-01,0.0
Marib City_Marib,2018-04-01,1.0986122886681098
Marib City_Marib,2018-05-01,3.7841896339182615
Marib City_Marib,2018-06-01,1.3862943611198906
Marib City_Marib,2018-07-01,2.3025850929940455
Marib City_Marib,2018-08-01,5.0238805208462765
Marib City_Marib,2018-09-01,0.6931471805599453
Marib City_Marib,2018-10-01,3.2188758248682006
Marib City_Marib,2018-11-01,3.4965075614664807
Marib City_Marib,2018-12-01,4.356708826689592
Marib City_Marib,2019-01-01,5.529429087511423
Marib City_Marib,2019-02-01,0.6931471805599453
Marib City_Marib,2019-03-01,1.0986122886681098
Marib City_Marib,2019-04-01,0.0
Marib City_Marib,2019-05-01,0.0
Marib City_Marib,2019-06-01,3.1780538303479453
Marib City_Marib,2019-07-01,6.2766434893416445
Marib City_Marib,2019-08-01,2.6390573296152584
Marib City_Marib,2019-09-01,2.70805020110221
Marib City_Marib,2019-10-01,3.044522437723423
Marib City_Marib,2019-11-01,0.6931471805599453
Marib City_Marib,2019-12-01,1.3862943611198906
Marib City_Marib,2020-01-01,6.866933284461881
Marib City_Marib,2020-02-01,4.9126548857360515
Marib City_Marib,2020-03-01,5.971261839790462
Marib City_Marib,2020-04-01,3.401197381662155
Marib City_Marib,2020-05-01,4.025351690735149
Marib City_Marib,2020-06-01,4.382026634673881
Marib City_Marib,2020-07-01,4.499809670330265
Marib City_Marib,2020-08-01,5.313205979041787
Marib City_Marib,2020-09-01,5.442417710521793
Marib City_Marib,2020-10-01,6.22455842927536
Marib City_Marib,2020-11-01,1.6094379124341003
Marib City_Marib,2020-12-01,4.189654742026425
Marib City_Marib,2021-01-01,5.455321115357702
Marib City_Marib,2021-02-01,6.858565034791366
Marib City_Marib,2021-03-01,6.175867270105761
Marib City_Marib,2021-04-01,6.289715570908998
Marib City_Marib,2021-05-01,2.0794415416798357
Marib City_Marib,2021-06-01,6.289715570908998
Marib City_Marib,2021-07-01,1.3862943611198906
Marib City_Marib,2021-08-01,2.1972245773362196
Marib City_Marib,2021-09-01,2.1972245773362196
Marib City_Marib,2021-10-01,3.58351893845611
Marib City_Marib,2021-11-01,8.13739583005665
Marib City_Marib,2021-12-01,9.102309627762477
Marib City_Marib,2022-01-01,8.67846133901236
Marib City_Marib,2022-02-01,7.771910256435763
Marib City_Marib,2022-03-01,6.827629234502853
Marib City_Marib,2022-04-01,1.3862943611198906
Marib City_Marib,2022-05-01,2.4849066497880004
Marib City_Marib,2022-06-01,2.3025850929940455
Marib City_Marib,2022-07-01,0.0
Marib City_Marib,2022-08-01,2.1972245773362196
Marib City_Marib,2022-09-01,2.0794415416798357
Marib City_Marib,2022-10-01,3.178053830347945
Marib City_Marib,2022-11-01,3.332204510175204
Marib City_Marib,2022-12-01,2.995732273553991
Marib City_Marib,2023-01-01,3.332204510175204
Marib City_Marib,2023-02-01,3.4965075614664807
Marib City_Marib,2023-03-01,3.5553480614894135
Marib City_Marib,2023-04-01,0.6931471805599453
Marib City_Marib,2023-05-01,0.0
Marib City_Marib,2023-06-01,0.0
Marib City_Marib,2023-07-01,1.6094379124341003
Marib City_Marib,2023-08-01,3.295836866004329
Marib City_Marib,2023-09-01,3.044522437723423
Marib City_Marib,2023-10-01,2.4849066497880004
Marib City_Marib,2023-11-01,1.9459101490553132
Marib City_Marib,2023-12-01,0.6931471805599453
Marib City_Marib,2024-01-01,1.9459101490553132
Marib City_Marib,2024-02-01,3.044522437723423
Marib City_Marib,2024-03-01,2.4849066497880004
Marib City_Marib,2024-04-01,2.70805020110221
Marib City_Marib,2024-05-01,1.3862943611198906
Marib City_Marib,2024-06-01,1.0986122886681098
Marib City_Marib,2024-07-01,1.791759469228055
Mukalla City_Hadramaut,2015-02-01,2.1972245773362196
Mukalla City_Hadramaut,2015-03-01,2.6390573296152584
Mukalla City_Hadramaut,2015-04-01,5.863631175598098
Mukalla City_Hadramaut,2015-05-01,3.806662489770319
Mukalla City_Hadramaut,2015-06-01,4.990432586778736
Mukalla City_Hadramaut,2015-07-01,3.806662489770319
Mukalla City_Hadramaut,2015-08-01,4.969813299576001
Mukalla City_Hadramaut,2015-09-01,4.700480365792417
Mukalla City_Hadramaut,2015-10-01,1.6094379124341003
Mukalla City_Hadramaut,2015-11-01,2.70805020110221
Mukalla City_Hadramaut,2015-12-01,3.5553480614894135
Mukalla City_Hadramaut,2016-01-01,2.70805020110221
Mukalla City_Hadramaut,2016-02-01,3.401197381662155
Mukalla City_Hadramaut,2016-03-01,3.401197381662155
Mukalla City_Hadramaut,2016-04-01,6.946975992135418
Mukalla City_Hadramaut,2016-05-01,6.76849321164863
Mukalla City_Hadramaut,2016-06-01,4.948759890378168
Mukalla City_Hadramaut,2016-07-01,0.0
Mukalla City_Hadramaut,2016-08-01,0.6931471805599453
Mukalla City_Hadramaut,2016-09-01,1.0986122886681098
Mukalla City_Hadramaut,2016-10-01,2.0794415416798357
Mukalla City_Hadramaut,2016-11-01,2.0794415416798357
Mukalla City_Hadramaut,2016-12-01,0.0
Mukalla City_Hadramaut,2017-01-01,0.6931471805599453
Mukalla City_Hadramaut,2017-02-01,0.6931471805599453
Mukalla City_Hadramaut,2017-03-01,3.1780538303479453
Mukalla City_Hadramaut,2017-04-01,1.0986122886681098
Mukalla City_Hadramaut,2017-05-01,0.0
Mukalla City_Hadramaut,2017-06-01,0.0
Mukalla City_Hadramaut,2017-07-01,0.0
Mukalla City_Hadramaut,2017-08-01,0.0
Mukalla City_Hadramaut,2017-09-01,1.0986122886681098
Mukalla City_Hadramaut,2017-10-01,1.0986122886681098
Mukalla City_Hadramaut,2017-11-01,0.6931471805599453
Mukalla City_Hadramaut,2017-12-01,0.6931471805599453
Mukalla City_Hadramaut,2018-01-01,0.0
Mukalla City_Hadramaut,2018-02-01,0.0
Mukalla City_Hadramaut,2018-03-01,2.70805020110221
Mukalla City_Hadramaut,2018-04-01,0.6931471805599453
Mukalla City_Hadramaut,2018-05-01,0.6931471805599453
Mukalla City_Hadramaut,2018-06-01,2.890371757896165
Mukalla City_Hadramaut,2018-07-01,1.0986122886681098
Mukalla City_Hadramaut,2018-08-01,0.0
Mukalla City_Hadramaut,2018-09-01,2.890371757896165
Mukalla City_Hadramaut,2018-10-01,2.4849066497880004
Mukalla City_Hadramaut,2018-11-01,0.0
Mukalla City_Hadramaut,2018-12-01,1.9459101490553132
Mukalla City_Hadramaut,2019-01-01,0.0
Mukalla City_Hadramaut,2019-02-01,3.1780538303479453
Mukalla City_Hadramaut,2019-03-01,0.6931471805599453
Mukalla City_Hadramaut,2019-04-01,1.3862943611198906
Mukalla City_Hadramaut,2019-05-01,0.6931471805599453
Mukalla City_Hadramaut,2019-06-01,1.0986122886681098
Mukalla City_Hadramaut,2019-07-01,1.9459101490553132
Mukalla City_Hadramaut,2019-08-01,1.0986122886681098
Mukalla City_Hadramaut,2019-09-01,2.8903717578961645
Mukalla City_Hadramaut,2019-10-01,1.6094379124341003
Mukalla City_Hadramaut,2019-11-01,0.6931471805599453
Mukalla City_Hadramaut,2019-12-01,2.302585092994046
Mukalla City_Hadramaut,2020-01-01,1.0986122886681098
Mukalla City_Hadramaut,2020-02-01,0.6931471805599453
Mukalla City_Hadramaut,2020-03-01,0.0
Mukalla City_Hadramaut,2020-04-01,1.791759469228055
Mukalla City_Hadramaut,2020-05-01,1.6094379124341003
Mukalla City_Hadramaut,2020-06-01,1.791759469228055
Mukalla City_Hadramaut,2020-07-01,2.0794415416798357
Mukalla City_Hadramaut,2020-08-01,1.3862943611198906
Mukalla City_Hadramaut,2020-09-01,2.302585092994046
Mukalla City_Hadramaut,2020-10-01,0.6931471805599453
Mukalla City_Hadramaut,2020-11-01,1.0986122886681098
Mukalla City_Hadramaut,2020-12-01,2.1972245773362196
Mukalla City_Hadramaut,2021-01-01,1.791759469228055
Mukalla City_Hadramaut,2021-02-01,1.791759469228055
Mukalla City_Hadramaut,2021-03-01,2.0794415416798357
Mukalla City_Hadramaut,2021-04-01,1.3862943611198906
Mukalla City_Hadramaut,2021-05-01,1.0986122886681098
Mukalla City_Hadramaut,2021-06-01,0.6931471805599453
Mukalla City_Hadramaut,2021-07-01,1.0986122886681098
Mukalla City_Hadramaut,2021-08-01,0.0
Mukalla City_Hadramaut,2021-09-01,4.0943445622221
Mukalla City_Hadramaut,2021-10-01,2.4849066497880004
Mukalla City_Hadramaut,2021-11-01,0.6931471805599453
Mukalla City_Hadramaut,2021-12-01,1.0986122886681098
Mukalla City_Hadramaut,2022-01-01,1.0986122886681098
Mukalla City_Hadramaut,2022-02-01,0.0
Mukalla City_Hadramaut,2022-03-01,1.791759469228055
Mukalla City_Hadramaut,2022-04-01,2.70805020110221
Mukalla City_Hadramaut,2022-05-01,0.6931471805599453
Mukalla City_Hadramaut,2022-06-01,1.791759469228055
Mukalla City_Hadramaut,2022-07-01,2.8903717578961645
Mukalla City_Hadramaut,2022-08-01,0.0
Mukalla City_Hadramaut,2022-09-01,0.0
Mukalla City_Hadramaut,2022-10-01,0.6931471805599453
Mukalla City_Hadramaut,2022-11-01,0.0
Mukalla City_Hadramaut,2022-12-01,1.3862943611198906
Mukalla City_Hadramaut,2023-01-01,0.0
Mukalla City_Hadramaut,2023-02-01,1.3862943611198906
Mukalla City_Hadramaut,2023-03-01,1.6094379124341003
Mukalla City_Hadramaut,2023-04-01,0.6931471805599453
Mukalla City_Hadramaut,2023-05-01,0.6931471805599453
Mukalla City_Hadramaut,2023-06-01,0.0
Mukalla City_Hadramaut,2023-07-01,1.6094379124341003
Mukalla City_Hadramaut,2023-08-01,1.3862943611198906
Mukalla City_Hadramaut,2023-09-01,1.3862943611198906
Mukalla City_Hadramaut,2023-10-01,2.1972245773362196
Mukalla City_Hadramaut,2023-11-01,1.0986122886681098
Mukalla City_Hadramaut,2023-12-01,0.6931471805599453
Mukalla City_Hadramaut,2024-01-01,0.0
Mukalla City_Hadramaut,2024-02-01,0.6931471805599453
Mukalla City_Hadramaut,2024-03-01,0.0
Mukalla City_Hadramaut,2024-04-01,3.295836866004329
Mukalla City_Hadramaut,2024-05-01,0.6931471805599453
Mukalla City_Hadramaut,2024-06-01,0.0
Mukalla City_Hadramaut,2024-07-01,0.6931471805599453
Sana'a City_Amanat Al Asimah,2015-01-01,2.0794415416798357
Sana'a City_Amanat Al Asimah,2015-02-01,1.0986122886681098
Sana'a City_Amanat Al Asimah,2015-03-01,0.0
Sana'a City_Amanat Al Asimah,2015-04-01,1.9459101490553132
Sana'a City_Amanat Al Asimah,2015-05-01,1.3862943611198906
Sana'a City_Amanat Al Asimah,2015-06-01,6.1092475827643655
Sana'a City_Amanat Al Asimah,2015-07-01,2.8903717578961645
Sana'a City_Amanat Al Asimah,2015-08-01,1.3862943611198906
Sana'a City_Amanat Al Asimah,2015-09-01,3.58351893845611
Sana'a City_Amanat Al Asimah,2015-10-01,1.0986122886681098
Sana'a City_Amanat Al Asimah,2015-11-01,2.0794415416798357
Sana'a City_Amanat Al Asimah,2015-12-01,0.0
Sana'a City_Amanat Al Asimah,2016-01-01,4.976733742420574
Sana'a City_Amanat Al Asimah,2016-02-01,1.3862943611198906
Sana'a City_Amanat Al Asimah,2016-03-01,0.0
Sana'a City_Amanat Al Asimah,2016-04-01,0.0
Sana'a City_Amanat Al Asimah,2016-05-01,0.0
Sana'a City_Amanat Al Asimah,2016-06-01,0.0
Sana'a City_Amanat Al Asimah,2016-07-01,0.0
Sana'a City_Amanat Al Asimah,2016-08-01,0.0
Sana'a City_Amanat Al Asimah,2016-09-01,0.6931471805599453
Sana'a City_Amanat Al Asimah,2016-10-01,0.0
Sana'a City_Amanat Al Asimah,2016-11-01,0.0
Sana'a City_Amanat Al Asimah,2016-12-01,0.0
Sana'a City_Amanat Al Asimah,2017-01-01,0.0
Sana'a City_Amanat Al Asimah,2017-02-01,0.0
Sana'a City_Amanat Al Asimah,2017-03-01,0.0
Sana'a City_Amanat Al Asimah,2017-04-01,0.0
Sana'a City_Amanat Al Asimah,2017-05-01,0.6931471805599453
Sana'a City_Amanat Al Asimah,2017-06-01,0.0
Sana'a City_Amanat Al Asimah,2017-07-01,0.0
Sana'a City_Amanat Al Asimah,2017-08-01,0.0
Sana'a City_Amanat Al Asimah,2017-09-01,0.0
Sana'a City_Amanat Al Asimah,2017-10-01,0.0
Sana'a City_Amanat Al Asimah,2017-11-01,0.6931471805599453
Sana'a City_Amanat Al Asimah,2017-12-01,1.3862943611198906
Sana'a City_Amanat Al Asimah,2018-01-01,0.6931471805599453
Sana'a City_Amanat Al Asimah,2018-02-01,0.0
Sana'a City_Amanat Al Asimah,2018-03-01,0.0
Sana'a City_Amanat Al Asimah,2018-04-01,1.3862943611198906
Sana'a City_Amanat Al Asimah,2018-05-01,3.6635616461296463
Sana'a City_Amanat Al Asimah,2018-06-01,0.0
Sana'a City_Amanat Al Asimah,2018-07-01,0.0
Sana'a City_Amanat Al Asimah,2018-08-01,0.0
Sana'a City_Amanat Al Asimah,2018-09-01,0.0
Sana'a City_Amanat Al Asimah,2018-10-01,0.0
Sana'a City_Amanat Al Asimah,2018-11-01,0.0
Sana'a City_Amanat Al Asimah,2018-12-01,0.0
Sana'a City_Amanat Al Asimah,2019-01-01,2.70805020110221
Sana'a City_Amanat Al Asimah,2019-02-01,0.0
Sana'a City_Amanat Al Asimah,2019-03-01,0.0
Sana'a City_Amanat Al Asimah,2019-04-01,0.0
Sana'a City_Amanat Al Asimah,2019-05-01,0.0
Sana'a City_Amanat Al Asimah,2019-06-01,0.0
Sana'a City_Amanat Al Asimah,2019-07-01,0.0
Sana'a City_Amanat Al Asimah,2019-08-01,0.0
Sana'a City_Amanat Al Asimah,2019-09-01,0.0
Sana'a City_Amanat Al Asimah,2019-10-01,0.0
Sana'a City_Amanat Al Asimah,2019-11-01,0.0
Sana'a City_Amanat Al Asimah,2019-12-01,0.0
Sana'a City_Amanat Al Asimah,2020-01-01,0.0
Sana'a City_Amanat Al Asimah,2020-02-01,0.0
Sana'a City_Amanat Al Asimah,2020-03-01,0.0
Sana'a City_Amanat Al Asimah,2020-04-01,0.0
Sana'a City_Amanat Al Asimah,2020-05-01,0.0
Sana'a City_Amanat Al Asimah,2020-06-01,0.0
Sana'a City_Amanat Al Asimah,2020-07-01,0.0
Sana'a City_Amanat Al Asimah,2020-08-01,0.0
Sana'a City_Amanat Al Asimah,2020-09-01,1.9459101490553132
Sana'a City_Amanat Al Asimah,2020-10-01,0.0
Sana'a City_Amanat Al Asimah,2020-11-01,0.0
Sana'a City_Amanat Al Asimah,2020-12-01,0.0
Sana'a City_Amanat Al Asimah,2021-01-01,0.0
Sana'a City_Amanat Al Asimah,2021-02-01,0.6931471805599453
Sana'a City_Amanat Al Asimah,2021-03-01,0.0
Sana'a City_Amanat Al Asimah,2021-04-01,0.0
Sana'a City_Amanat Al Asimah,2021-05-01,0.0
Sana'a City_Amanat Al Asimah,2021-06-01,0.0
Sana'a City_Amanat Al Asimah,2021-07-01,0.0
Sana'a City_Amanat Al Asimah,2021-08-01,0.0
Sana'a City_Amanat Al Asimah,2021-09-01,4.04305126783455
Sana'a City_Amanat Al Asimah,2021-10-01,1.791759469228055
Sana'a City_Amanat Al Asimah,2021-11-01,0.0
Sana'a City_Amanat Al Asimah,2021-12-01,0.0
Sana'a City_Amanat Al Asimah,2022-01-01,0.6931471805599453
Sana'a City_Amanat Al Asimah,2022-02-01,0.0
Sana'a City_Amanat Al Asimah,2022-03-01,0.0
Sana'a City_Amanat Al Asimah,2022-04-01,0.0
Sana'a City_Amanat Al Asimah,2022-05-01,0.0
Sana'a City_Amanat Al Asimah,2022-06-01,0.0
Sana'a City_Amanat Al Asimah,2022-07-01,0.0
Sana'a City_Amanat Al Asimah,2022-08-01,0.0
Sana'a City_Amanat Al Asimah,2022-09-01,0.0
Sana'a City_Amanat Al Asimah,2022-10-01,0.0
Sana'a City_Amanat Al Asimah,2022-11-01,2.4849066497880004
Sana'a City_Amanat Al Asimah,2022-12-01,0.0
Sana'a City_Amanat Al Asimah,2023-01-01,0.0
Sana'a City_Amanat Al Asimah,2023-02-01,0.6931471805599453
Sana'a City_Amanat Al Asimah,2023-03-01,0.0
Sana'a City_Amanat Al Asimah,2023-04-01,0.0
Sana'a City_Amanat Al Asimah,2023-05-01,0.6931471805599453
Sana'a City_Amanat Al Asimah,2023-06-01,0.0
Sana'a City_Amanat Al Asimah,2023-07-01,0.0
Sana'a City_Amanat Al Asimah,2023-08-01,0.0
Sana'a City_Amanat Al Asimah,2023-09-01,0.6931471805599453
Sana'a City_Amanat Al Asimah,2023-10-01,1.3862943611198906
Sana'a City_Amanat Al Asimah,2023-11-01,0.6931471805599453
Sana'a City_Amanat Al Asimah,2023-12-01,0.0
Sana'a City_Amanat Al Asimah,2024-01-01,0.6931471805599453
Sana'a City_Amanat Al Asimah,2024-02-01,0.0
Sana'a City_Amanat Al Asimah,2024-03-01,0.0
Sana'a City_Amanat Al Asimah,2024-04-01,0.0
Sana'a City_Amanat Al Asimah,2024-05-01,0.0
Sayoun City_Hadramaut,2016-06-01,0.0
Sayoun City_Hadramaut,2016-07-01,0.0
Sayoun City_Hadramaut,2016-08-01,0.0
Sayoun City_Hadramaut,2016-09-01,0.0
Sayoun City_Hadramaut,2016-10-01,0.0
Sayoun City_Hadramaut,2016-11-01,0.0
Sayoun City_Hadramaut,2016-12-01,0.0
Sayoun City_Hadramaut,2017-01-01,0.0
Sayoun City_Hadramaut,2017-02-01,0.0
Sayoun City_Hadramaut,2017-03-01,0.0
Sayoun City_Hadramaut,2017-04-01,0.0
Sayoun City_Hadramaut,2017-05-01,1.0986122886681098
Sayoun City_Hadramaut,2017-06-01,0.0
Sayoun City_Hadramaut,2017-07-01,0.0
Sayoun City_Hadramaut,2017-08-01,1.3862943611198906
Sayoun City_Hadramaut,2017-09-01,0.0
Sayoun City_Hadramaut,2017-10-01,2.772588722239781
Sayoun City_Hadramaut,2017-11-01,2.1972245773362196
Sayoun City_Hadramaut,2017-12-01,0.6931471805599453
Sayoun City_Hadramaut,2018-01-01,1.0986122886681098
Sayoun City_Hadramaut,2018-02-01,0.0
Sayoun City_Hadramaut,2018-03-01,0.0
Sayoun City_Hadramaut,2018-04-01,2.772588722239781
Sayoun City_Hadramaut,2018-05-01,0.0
Sayoun City_Hadramaut,2018-06-01,3.688879454113936
Sayoun City_Hadramaut,2018-07-01,0.6931471805599453
Sayoun City_Hadramaut,2018-08-01,0.6931471805599453
Sayoun City_Hadramaut,2018-09-01,1.791759469228055
Sayoun City_Hadramaut,2018-10-01,3.5553480614894135
Sayoun City_Hadramaut,2018-11-01,2.4849066497880004
Sayoun City_Hadramaut,2018-12-01,0.0
Sayoun City_Hadramaut,2019-01-01,1.3862943611198906
Sayoun City_Hadramaut,2019-02-01,2.3025850929940455
Sayoun City_Hadramaut,2019-03-01,1.3862943611198906
Sayoun City_Hadramaut,2019-04-01,3.5553480614894135
Sayoun City_Hadramaut,2019-05-01,0.0
Sayoun City_Hadramaut,2019-06-01,0.6931471805599453
Sayoun City_Hadramaut,2019-07-01,3.5553480614894135
Sayoun City_Hadramaut,2019-08-01,2.1972245773362196
Sayoun City_Hadramaut,2019-09-01,2.1972245773362196
Sayoun City_Hadramaut,2019-10-01,1.3862943611198906
Sayoun City_Hadramaut,2019-11-01,0.0
Sayoun City_Hadramaut,2019-12-01,0.6931471805599453
Sayoun City_Hadramaut,2020-01-01,0.0
Sayoun City_Hadramaut,2020-02-01,3.1780538303479453
Sayoun City_Hadramaut,2020-03-01,3.1780538303479453
Sayoun City_Hadramaut,2020-04-01,2.1972245773362196
Sayoun City_Hadramaut,2020-05-01,0.0
Sayoun City_Hadramaut,2020-06-01,4.394449154672439
Sayoun City_Hadramaut,2020-07-01,0.0
Sayoun City_Hadramaut,2020-08-01,1.6094379124341003
Sayoun City_Hadramaut,2020-09-01,0.6931471805599453
Sayoun City_Hadramaut,2020-10-01,2.1972245773362196
Sayoun City_Hadramaut,2020-11-01,0.6931471805599453
Sayoun City_Hadramaut,2020-12-01,2.3025850929940455
Sayoun City_Hadramaut,2021-01-01,0.0
Sayoun City_Hadramaut,2021-02-01,0.0
Sayoun City_Hadramaut,2021-03-01,3.044522437723423
Sayoun City_Hadramaut,2021-04-01,0.6931471805599453
Sayoun City_Hadramaut,2021-05-01,0.0
Sayoun City_Hadramaut,2021-06-01,0.0
Sayoun City_Hadramaut,2021-07-01,1.6094379124341003
Sayoun City_Hadramaut,2021-08-01,0.6931471805599453
Sayoun City_Hadramaut,2021-09-01,0.0
Sayoun City_Hadramaut,2021-10-01,2.0794415416798357
Sayoun City_Hadramaut,2021-11-01,2.3025850929940455
Sayoun City_Hadramaut,2021-12-01,0.0
Sayoun City_Hadramaut,2022-01-01,1.3862943611198906
Sayoun City_Hadramaut,2022-02-01,0.6931471805599453
Sayoun City_Hadramaut,2022-03-01,1.791759469228055
Sayoun City_Hadramaut,2022-04-01,0.0
Sayoun City_Hadramaut,2022-05-01,1.0986122886681098
Sayoun City_Hadramaut,2022-06-01,0.0
Sayoun City_Hadramaut,2022-07-01,0.6931471805599453
Sayoun City_Hadramaut,2022-08-01,2.4849066497880004
Sayoun City_Hadramaut,2022-09-01,3.7841896339182615
Sayoun City_Hadramaut,2022-10-01,1.6094379124341003
Sayoun City_Hadramaut,2022-11-01,2.1972245773362196
Sayoun City_Hadramaut,2022-12-01,2.833213344056216
Sayoun City_Hadramaut,2023-01-01,2.3978952727983707
Sayoun City_Hadramaut,2023-02-01,0.0
Sayoun City_Hadramaut,2023-03-01,2.4849066497880004
Sayoun City_Hadramaut,2023-04-01,0.0
Sayoun City_Hadramaut,2023-05-01,2.4849066497880004
Sayoun City_Hadramaut,2023-06-01,0.6931471805599453
Sayoun City_Hadramaut,2023-07-01,1.0986122886681098
Sayoun City_Hadramaut,2023-08-01,2.995732273553991
Sayoun City_Hadramaut,2023-09-01,1.6094379124341003
Sayoun City_Hadramaut,2023-10-01,1.6094379124341003
Sayoun City_Hadramaut,2023-11-01,0.6931471805599453
Sayoun City_Hadramaut,2023-12-01,0.0
Sayoun City_Hadramaut,2024-01-01,0.6931471805599453
Sayoun City_Hadramaut,2024-02-01,0.0
Sayoun City_Hadramaut,2024-03-01,0.0
Sayoun City_Hadramaut,2024-04-01,0.0
Sayoun City_Hadramaut,2024-05-01,0.6931471805599453
Sayoun City_Hadramaut,2024-06-01,0.0
Sayoun City_Hadramaut,2024-07-01,1.3862943611198906
Soqatra (Hudaibo)_Socotra,2016-06-01,0.0
Soqatra (Hudaibo)_Socotra,2016-07-01,0.0
Soqatra (Hudaibo)_Socotra,2016-08-01,0.0
Soqatra (Hudaibo)_Socotra,2016-09-01,0.0
Soqatra (Hudaibo)_Socotra,2016-10-01,0.6931471805599453
Soqatra (Hudaibo)_Socotra,2016-11-01,0.0
Soqatra (Hudaibo)_Socotra,2016-12-01,0.0
Soqatra (Hudaibo)_Socotra,2017-01-01,0.0
Soqatra (Hudaibo)_Socotra,2017-02-01,0.0
Soqatra (Hudaibo)_Socotra,2017-03-01,0.0
Soqatra (Hudaibo)_Socotra,2017-04-01,0.0
Soqatra (Hudaibo)_Socotra,2017-05-01,0.0
Soqatra (Hudaibo)_Socotra,2017-06-01,0.0
Soqatra (Hudaibo)_Socotra,2017-07-01,0.0
Soqatra (Hudaibo)_Socotra,2017-08-01,0.0
Soqatra (Hudaibo)_Socotra,2017-09-01,0.0
Soqatra (Hudaibo)_Socotra,2017-10-01,0.6931471805599453
Soqatra (Hudaibo)_Socotra,2017-11-01,0.0
Soqatra (Hudaibo)_Socotra,2017-12-01,0.0
Soqatra (Hudaibo)_Socotra,2018-01-01,0.0
Soqatra (Hudaibo)_Socotra,2018-02-01,0.0
Soqatra (Hudaibo)_Socotra,2018-03-01,0.6931471805599453
Soqatra (Hudaibo)_Socotra,2018-04-01,1.0986122886681098
Soqatra (Hudaibo)_Socotra,2018-05-01,1.791759469228055
Soqatra (Hudaibo)_Socotra,2018-06-01,0.0
Soqatra (Hudaibo)_Socotra,2018-07-01,0.0
Soqatra (Hudaibo)_Socotra,2018-08-01,0.0
Soqatra (Hudaibo)_Socotra,2018-09-01,1.3862943611198906
Soqatra (Hudaibo)_Socotra,2018-10-01,0.0
Soqatra (Hudaibo)_Socotra,2018-11-01,0.0
Soqatra (Hudaibo)_Socotra,2018-12-01,0.0
Soqatra (Hudaibo)_Socotra,2019-01-01,0.0
Soqatra (Hudaibo)_Socotra,2019-02-01,0.0
Soqatra (Hudaibo)_Socotra,2019-03-01,0.6931471805599453
Soqatra (Hudaibo)_Socotra,2019-04-01,0.0
Soqatra (Hudaibo)_Socotra,2019-05-01,0.0
Soqatra (Hudaibo)_Socotra,2019-06-01,1.791759469228055
Soqatra (Hudaibo)_Socotra,2019-07-01,1.3862943611198906
Soqatra (Hudaibo)_Socotra,2019-08-01,0.0
Soqatra (Hudaibo)_Socotra,2019-09-01,1.0986122886681098
Soqatra (Hudaibo)_Socotra,2019-10-01,2.5649493574615367
Soqatra (Hudaibo)_Socotra,2019-11-01,1.6094379124341003
Soqatra (Hudaibo)_Socotra,2019-12-01,1.0986122886681098
Soqatra (Hudaibo)_Socotra,2020-01-01,0.0
Soqatra (Hudaibo)_Socotra,2020-02-01,1.6094379124341003
Soqatra (Hudaibo)_Socotra,2020-03-01,0.6931471805599453
Soqatra (Hudaibo)_Socotra,2020-04-01,2.9444389791664403
Soqatra (Hudaibo)_Socotra,2020-05-01,2.995732273553991
Soqatra (Hudaibo)_Socotra,2020-06-01,5.170483995038152
Soqatra (Hudaibo)_Socotra,2020-07-01,2.0794415416798357
Soqatra (Hudaibo)_Socotra,2020-08-01,1.3862943611198906
Soqatra (Hudaibo)_Socotra,2020-09-01,2.6390573296152584
Soqatra (Hudaibo)_Socotra,2020-10-01,0.6931471805599453
Soqatra (Hudaibo)_Socotra,2020-11-01,1.6094379124341003
Soqatra (Hudaibo)_Socotra,2020-12-01,1.791759469228055
Soqatra (Hudaibo)_Socotra,2021-01-01,0.0
Soqatra (Hudaibo)_Socotra,2021-02-01,0.0
Soqatra (Hudaibo)_Socotra,2021-03-01,0.6931471805599453
Soqatra (Hudaibo)_Socotra,2021-04-01,0.6931471805599453
Soqatra (Hudaibo)_Socotra,2021-05-01,0.0
Soqatra (Hudaibo)_Socotra,2021-06-01,0.0
Soqatra (Hudaibo)_Socotra,2021-07-01,1.0986122886681098
Soqatra (Hudaibo)_Socotra,2021-08-01,0.6931471805599453
Soqatra (Hudaibo)_Socotra,2021-09-01,2.0794415416798357
Soqatra (Hudaibo)_Socotra,2021-10-01,0.0
Soqatra (Hudaibo)_Socotra,2021-11-01,1.0986122886681098
Soqatra (Hudaibo)_Socotra,2021-12-01,0.6931471805599453
Soqatra (Hudaibo)_Socotra,2022-01-01,0.0
Soqatra (Hudaibo)_Socotra,2022-02-01,0.0
Soqatra (Hudaibo)_Socotra,2022-03-01,0.0
Soqatra (Hudaibo)_Socotra,2022-04-01,0.0
Soqatra (Hudaibo)_Socotra,2022-05-01,1.3862943611198906
Soqatra (Hudaibo)_Socotra,2022-06-01,0.0
Soqatra (Hudaibo)_Socotra,2022-07-01,0.6931471805599453
Soqatra (Hudaibo)_Socotra,2022-08-01,0.0
Soqatra (Hudaibo)_Socotra,2022-09-01,0.0
Soqatra (Hudaibo)_Socotra,2022-10-01,0.0
Soqatra (Hudaibo)_Socotra,2022-11-01,0.0
Soqatra (Hudaibo)_Socotra,2022-12-01,0.0
Soqatra (Hudaibo)_Socotra,2023-01-01,0.0
Soqatra (Hudaibo)_Socotra,2023-02-01,0.0
Soqatra (Hudaibo)_Socotra,2023-03-01,0.0
Soqatra (Hudaibo)_Socotra,2023-04-01,0.0
Soqatra (Hudaibo)_Socotra,2023-05-01,0.0
Soqatra (Hudaibo)_Socotra,2023-06-01,0.6931471805599453
Soqatra (Hudaibo)_Socotra,2023-07-01,0.0
Soqatra (Hudaibo)_Socotra,2023-08-01,0.0
Soqatra (Hudaibo)_Socotra,2023-09-01,0.0
Soqatra (Hudaibo)_Socotra,2023-10-01,0.0
Soqatra (Hudaibo)_Socotra,2023-11-01,0.6931471805599453
Soqatra (Hudaibo)_Socotra,2023-12-01,0.0
Soqatra (Hudaibo)_Socotra,2024-01-01,0.0
Soqatra (Hudaibo)_Socotra,2024-02-01,0.6931471805599453
Soqatra (Hudaibo)_Socotra,2024-03-01,0.0
Soqatra (Hudaibo)_Socotra,2024-04-01,0.0
Soqatra (Hudaibo)_Socotra,2024-05-01,0.6931471805599453
Soqatra (Hudaibo)_Socotra,2024-06-01,0.0
Soqatra (Hudaibo)_Socotra,2024-07-01,0.0
Taiz City_Taizz,2016-06-01,0.0
Taiz City_Taizz,2016-07-01,1.0986122886681098
Taiz City_Taizz,2016-08-01,4.189654742026425
Taiz City_Taizz,2016-09-01,2.8903717578961645
Taiz City_Taizz,2016-10-01,1.9459101490553132
Taiz City_Taizz,2016-11-01,6.023447592961033
Taiz City_Taizz,2016-12-01,4.23410650459726
Taiz City_Taizz,2017-01-01,3.7841896339182615
Taiz City_Taizz,2017-02-01,1.791759469228055
Taiz City_Taizz,2017-03-01,0.0
Taiz City_Taizz,2017-04-01,0.0
Taiz City_Taizz,2017-05-01,4.624972813284272
Taiz City_Taizz,2017-06-01,2.995732273553991
Taiz City_Taizz,2017-07-01,0.0
Taiz City_Taizz,2017-08-01,2.4849066497880004
Taiz City_Taizz,2017-09-01,0.0
Taiz City_Taizz,2017-10-01,3.091042453358316
Taiz City_Taizz,2017-11-01,0.0
Taiz City_Taizz,2017-12-01,2.8903717578961645
Taiz City_Taizz,2018-01-01,5.075173815233827
Taiz City_Taizz,2018-02-01,3.8918202981106265
Taiz City_Taizz,2018-03-01,0.0
Taiz City_Taizz,2018-04-01,3.6635616461296463
Taiz City_Taizz,2018-05-01,4.836281906951478
Taiz City_Taizz,2018-06-01,3.737669618283368
Taiz City_Taizz,2018-07-01,4.442651256490317
Taiz City_Taizz,2018-08-01,4.68213122712422
Taiz City_Taizz,2018-09-01,2.4849066497880004
Taiz City_Taizz,2018-10-01,5.123963979403259
Taiz City_Taizz,2018-11-01,1.0986122886681098
Taiz City_Taizz,2018-12-01,3.951243718581427
Taiz City_Taizz,2019-01-01,4.787491742782047
Taiz City_Taizz,2019-02-01,3.091042453358316
Taiz City_Taizz,2019-03-01,5.123963979403259
Taiz City_Taizz,2019-04-01,5.398162701517753
Taiz City_Taizz,2019-05-01,6.942156705699469
Taiz City_Taizz,2019-06-01,7.102499355774649
Taiz City_Taizz,2019-07-01,3.737669618283368
Taiz City_Taizz,2019-08-01,1.3862943611198906
Taiz City_Taizz,2019-09-01,0.0
Taiz City_Taizz,2019-10-01,0.6931471805599453
Taiz City_Taizz,2019-11-01,1.791759469228055
Taiz City_Taizz,2019-12-01,1.3862943611198906
Taiz City_Taizz,2020-01-01,2.1972245773362196
Taiz City_Taizz,2020-02-01,3.332204510175204
Taiz City_Taizz,2020-03-01,3.871201010907891
Taiz City_Taizz,2020-04-01,2.70805020110221
Taiz City_Taizz,2020-05-01,3.7841896339182615
Taiz City_Taizz,2020-06-01,1.0986122886681098
Taiz City_Taizz,2020-07-01,2.1972245773362196
Taiz City_Taizz,2020-08-01,3.4965075614664807
Taiz City_Taizz,2020-09-01,2.772588722239781
Taiz City_Taizz,2020-10-01,4.700480365792417
Taiz City_Taizz,2020-11-01,7.994294986415977
Taiz City_Taizz,2020-12-01,4.941642422609304
Taiz City_Taizz,2021-01-01,3.044522437723423
Taiz City_Taizz,2021-02-01,3.5553480614894135
Taiz City_Taizz,2021-03-01,2.0794415416798357
Taiz City_Taizz,2021-04-01,2.1972245773362196
Taiz City_Taizz,2021-05-01,1.0986122886681098
Taiz City_Taizz,2021-06-01,2.8903717578961645
Taiz City_Taizz,2021-07-01,2.4849066497880004
Taiz City_Taizz,2021-08-01,4.969813299576
Taiz City_Taizz,2021-09-01,4.143134726391533
Taiz City_Taizz,2021-10-01,2.3025850929940455
Taiz City_Taizz,2021-11-01,1.6094379124341003
Taiz City_Taizz,2021-12-01,2.8903717578961645
Taiz City_Taizz,2022-01-01,0.6931471805599453
Taiz City_Taizz,2022-02-01,4.276666119016055
Taiz City_Taizz,2022-03-01,4.990432586778736
Taiz City_Taizz,2022-04-01,2.8903717578961645
Taiz City_Taizz,2022-05-01,2.70805020110221
Taiz City_Taizz,2022-06-01,2.0794415416798357
Taiz City_Taizz,2022-07-01,4.356708826689592
Taiz City_Taizz,2022-08-01,3.401197381662156
Taiz City_Taizz,2022-09-01,4.430816798843313
Taiz City_Taizz,2022-10-01,4.025351690735149
Taiz City_Taizz,2022-11-01,5.393627546352361
Taiz City_Taizz,2022-12-01,4.356708826689592
Taiz City_Taizz,2023-01-01,5.509388336627977
Taiz City_Taizz,2023-02-01,3.58351893845611
Taiz City_Taizz,2023-03-01,5.342334251964811
Taiz City_Taizz,2023-04-01,0.0
Taiz City_Taizz,2023-05-01,1.0986122886681098
Taiz City_Taizz,2023-06-01,4.007333185232471
Taiz City_Taizz,2023-07-01,1.0986122886681098
Taiz City_Taizz,2023-08-01,4.356708826689592
Taiz City_Taizz,2023-09-01,5.0369526024136295
Taiz City_Taizz,2023-10-01,4.564348191467836
Taiz City_Taizz,2023-11-01,2.0794415416798357
Taiz City_Taizz,2023-12-01,0.0
Taiz City_Taizz,2024-01-01,1.791759469228055
Taiz City_Taizz,2024-02-01,4.007333185232471
Taiz City_Taizz,2024-03-01,1.791759469228055
Taiz City_Taizz,2024-04-01,1.0986122886681098
Taiz City_Taizz,2024-05-01,0.6931471805599453
Taiz City_Taizz,2024-06-01,3.8918202981106265
Taiz City_Taizz,2024-07-01,4.68213122712422
Zungubar City_Abyan,2016-07-01,2.3025850929940455
Zungubar City_Abyan,2016-08-01,5.123963979403259
Zungubar City_Abyan,2016-09-01,2.4849066497880004
Zungubar City_Abyan,2016-10-01,2.8903717578961645
Zungubar City_Abyan,2016-11-01,4.382026634673881
Zungubar City_Abyan,2016-12-01,1.0986122886681098
Zungubar City_Abyan,2017-01-01,1.3862943611198906
Zungubar City_Abyan,2017-02-01,4.553876891600541
Zungubar City_Abyan,2017-03-01,1.3862943611198906
Zungubar City_Abyan,2017-04-01,0.0
Zungubar City_Abyan,2017-05-01,0.6931471805599453
Zungubar City_Abyan,2017-06-01,1.0986122886681098
Zungubar City_Abyan,2017-07-01,0.0
Zungubar City_Abyan,2017-08-01,0.0
Zungubar City_Abyan,2017-09-01,0.0
Zungubar City_Abyan,2017-10-01,1.6094379124341003
Zungubar City_Abyan,2017-11-01,0.6931471805599453
Zungubar City_Abyan,2017-12-01,0.0
Zungubar City_Abyan,2018-01-01,0.0
Zungubar City_Abyan,2018-02-01,0.0
Zungubar City_Abyan,2018-03-01,0.0
Zungubar City_Abyan,2018-04-01,0.0
Zungubar City_Abyan,2018-05-01,2.1972245773362196
Zungubar City_Abyan,2018-06-01,1.0986122886681098
Zungubar City_Abyan,2018-07-01,0.0
Zungubar City_Abyan,2018-08-01,0.0
Zungubar City_Abyan,2018-09-01,1.0986122886681098
Zungubar City_Abyan,2018-10-01,1.6094379124341003
Zungubar City_Abyan,2018-11-01,0.0
Zungubar City_Abyan,2018-12-01,2.0794415416798357
Zungubar City_Abyan,2019-01-01,0.6931471805599453
Zungubar City_Abyan,2019-02-01,0.0
Zungubar City_Abyan,2019-03-01,0.6931471805599453
Zungubar City_Abyan,2019-04-01,0.0
Zungubar City_Abyan,2019-05-01,0.0
Zungubar City_Abyan,2019-06-01,0.6931471805599453
Zungubar City_Abyan,2019-07-01,0.6931471805599453
Zungubar City_Abyan,2019-08-01,6.416732282512326
Zungubar City_Abyan,2019-09-01,4.189654742026425
Zungubar City_Abyan,2019-10-01,2.70805020110221
Zungubar City_Abyan,2019-11-01,4.343805421853684
Zungubar City_Abyan,2019-12-01,1.3862943611198906
Zungubar City_Abyan,2020-01-01,4.430816798843313
Zungubar City_Abyan,2020-02-01,1.0986122886681098
Zungubar City_Abyan,2020-03-01,1.3862943611198906
Zungubar City_Abyan,2020-04-01,2.70805020110221
Zungubar City_Abyan,2020-05-01,6.163314804034641
Zungubar City_Abyan,2020-06-01,7.1098794630722715
Zungubar City_Abyan,2020-07-01,4.2484952420493585
Zungubar City_Abyan,2020-08-01,5.84354441703136
Zungubar City_Abyan,2020-09-01,5.393627546352362
Zungubar City_Abyan,2020-10-01,2.3978952727983707
Zungubar City_Abyan,2020-11-01,6.416732282512326
Zungubar City_Abyan,2020-12-01,5.0369526024136295
Zungubar City_Abyan,2021-01-01,0.6931471805599453
Zungubar City_Abyan,2021-02-01,0.0
Zungubar City_Abyan,2021-03-01,3.1780538303479453
Zungubar City_Abyan,2021-04-01,1.791759469228055
Zungubar City_Abyan,2021-05-01,0.6931471805599453
Zungubar City_Abyan,2021-06-01,3.1780538303479453
Zungubar City_Abyan,2021-07-01,1.791759469228055
Zungubar City_Abyan,2021-08-01,2.1972245773362196
Zungubar City_Abyan,2021-09-01,2.4849066497880004
Zungubar City_Abyan,2021-10-01,0.0
Zungubar City_Abyan,2021-11-01,1.0986122886681098
Zungubar City_Abyan,2021-12-01,0.6931471805599453
Zungubar City_Abyan,2022-01-01,1.0986122886681098
Zungubar City_Abyan,2022-02-01,0.6931471805599453
Zungubar City_Abyan,2022-03-01,1.0986122886681098
Zungubar City_Abyan,2022-04-01,1.0986122886681098
Zungubar City_Abyan,2022-05-01,0.0
Zungubar City_Abyan,2022-06-01,0.0
Zungubar City_Abyan,2022-07-01,0.0
Zungubar City_Abyan,2022-08-01,0.0
Zungubar City_Abyan,2022-09-01,0.0
Zungubar City_Abyan,2022-10-01,1.0986122886681098
Zungubar City_Abyan,2022-11-01,0.0
Zungubar City_Abyan,2022-12-01,0.6931471805599453
Zungubar City_Abyan,2023-01-01,1.3862943611198906
Zungubar City_Abyan,2023-02-01,1.0986122886681098
Zungubar City_Abyan,2023-03-01,3.295836866004329
Zungubar City_Abyan,2023-04-01,1.0986122886681098
Zungubar City_Abyan,2023-05-01,1.3862943611198906
Zungubar City_Abyan,2023-06-01,0.0
Zungubar City_Abyan,2023-07-01,1.791759469228055
Zungubar City_Abyan,2023-08-01,2.6390573296152584
Zungubar City_Abyan,2023-09-01,4.174387269895637
Zungubar City_Abyan,2023-10-01,1.6094379124341003
Zungubar City_Abyan,2023-11-01,1.0986122886681098
Zungubar City_Abyan,2023-12-01,1.6094379124341003
Zungubar City_Abyan,2024-01-01,1.9459101490553132
Zungubar City_Abyan,2024-02-01,1.0986122886681098
Zungubar City_Abyan,2024-03-01,0.0
Zungubar City_Abyan,2024-04-01,1.3862943611198906
Zungubar City_Abyan,2024-05-01,0.6931471805599453
Zungubar City_Abyan,2024-06-01,0.0
Zungubar City_Abyan,2024-07-01,0.6931471805599453
